Time,Object,Mass,X,Y,VX,VY,AX,AY
0.000,1,1000.000000,0.000,-5.000,3.000,0.000,0.000,0.000
0.000,2,1000000000000.000000,0.000,0.000,0.000,0.000,0.000,0.000
0.000,3,1000.000000,0.000,2.000,-5.600,0.000,0.000,0.000
0.010,1,1000.000000,0.030,-5.000,3.000,0.027,0.000,2.670
0.010,2,1000000000000.000000,0.000,0.000,0.000,0.000,0.000,0.000
0.010,3,1000.000000,-0.056,2.000,-5.600,-0.167,0.000,-16.686
0.020,1,1000.000000,0.060,-5.000,3.000,0.053,-0.016,2.670
0.020,2,1000000000000.000000,0.000,0.000,-0.000,0.000,-0.000,0.000
0.020,3,1000.000000,-0.112,1.998,-5.595,-0.334,0.467,-16.666
0.030,1,1000.000000,0.090,-4.999,3.000,0.080,-0.032,2.669
0.030,2,1000000000000.000000,-0.000,0.000,-0.000,0.000,-0.000,0.000
0.030,3,1000.000000,-0.168,1.995,-5.586,-0.500,0.932,-16.635
0.040,1,1000.000000,0.120,-4.998,2.999,0.107,-0.048,2.669
0.040,2,1000000000000.000000,-0.000,0.000,-0.000,0.000,-0.000,0.000
0.040,3,1000.000000,-0.224,1.990,-5.572,-0.666,1.397,-16.593
0.050,1,1000.000000,0.150,-4.997,2.998,0.133,-0.064,2.669
0.050,2,1000000000000.000000,-0.000,0.000,-0.000,0.000,-0.000,0.000
0.050,3,1000.000000,-0.280,1.983,-5.553,-0.831,1.860,-16.539
0.060,1,1000.000000,0.180,-4.996,2.998,0.160,-0.080,2.669
0.060,2,1000000000000.000000,-0.000,0.000,-0.000,0.000,-0.000,0.000
0.060,3,1000.000000,-0.335,1.975,-5.530,-0.996,2.322,-16.474
0.070,1,1000.000000,0.210,-4.994,2.997,0.187,-0.096,2.669
0.070,2,1000000000000.000000,-0.000,0.000,-0.000,0.000,-0.000,0.000
0.070,3,1000.000000,-0.390,1.965,-5.502,-1.160,2.782,-16.397
0.080,1,1000.000000,0.240,-4.993,2.996,0.214,-0.112,2.669
0.080,2,1000000000000.000000,-0.000,0.000,-0.000,0.000,-0.000,0.000
0.080,3,1000.000000,-0.445,1.953,-5.470,-1.323,3.240,-16.309
0.090,1,1000.000000,0.270,-4.990,2.994,0.240,-0.128,2.668
0.090,2,1000000000000.000000,-0.000,0.000,-0.000,0.000,-0.000,0.000
0.090,3,1000.000000,-0.500,1.940,-5.433,-1.485,3.696,-16.210
0.100,1,1000.000000,0.300,-4.988,2.993,0.267,-0.144,2.668
0.100,2,1000000000000.000000,-0.000,0.000,-0.000,0.000,-0.000,0.000
0.100,3,1000.000000,-0.554,1.925,-5.392,-1.646,4.149,-16.099
0.110,1,1000.000000,0.330,-4.985,2.991,0.294,-0.160,2.668
0.110,2,1000000000000.000000,-0.000,0.000,-0.000,0.000,-0.000,0.000
0.110,3,1000.000000,-0.608,1.909,-5.346,-1.806,4.600,-15.976
0.120,1,1000.000000,0.360,-4.982,2.989,0.320,-0.176,2.668
0.120,2,1000000000000.000000,-0.000,0.000,-0.000,0.000,-0.000,0.000
0.120,3,1000.000000,-0.662,1.891,-5.295,-1.964,5.049,-15.842
0.130,1,1000.000000,0.390,-4.979,2.987,0.347,-0.193,2.668
0.130,2,1000000000000.000000,-0.000,0.000,-0.000,0.000,-0.000,0.000
0.130,3,1000.000000,-0.715,1.871,-5.240,-2.121,5.494,-15.697
0.140,1,1000.000000,0.419,-4.976,2.985,0.374,-0.209,2.668
0.140,2,1000000000000.000000,-0.000,0.000,-0.000,0.000,-0.000,0.000
0.140,3,1000.000000,-0.767,1.850,-5.181,-2.277,5.936,-15.539
0.150,1,1000.000000,0.449,-4.972,2.983,0.400,-0.225,2.667
0.150,2,1000000000000.000000,-0.000,0.000,-0.000,0.000,-0.000,0.000
0.150,3,1000.000000,-0.819,1.827,-5.117,-2.430,6.374,-15.371
0.160,1,1000.000000,0.479,-4.968,2.981,0.427,-0.241,2.667
0.160,2,1000000000000.000000,-0.000,0.000,-0.000,0.000,-0.000,0.000
0.160,3,1000.000000,-0.870,1.803,-5.049,-2.582,6.808,-15.190
0.170,1,1000.000000,0.509,-4.964,2.978,0.454,-0.257,2.667
0.170,2,1000000000000.000000,-0.000,0.000,-0.000,0.000,-0.000,0.000
0.170,3,1000.000000,-0.921,1.777,-4.977,-2.732,7.238,-14.998
0.180,1,1000.000000,0.539,-4.959,2.975,0.480,-0.273,2.667
0.180,2,1000000000000.000000,-0.000,0.000,-0.000,0.000,-0.000,0.000
0.180,3,1000.000000,-0.970,1.750,-4.900,-2.880,7.664,-14.795
0.190,1,1000.000000,0.568,-4.954,2.973,0.507,-0.290,2.667
0.190,2,1000000000000.000000,-0.000,0.000,-0.000,0.000,-0.000,0.000
0.190,3,1000.000000,-1.019,1.721,-4.819,-3.026,8.085,-14.580
0.200,1,1000.000000,0.598,-4.949,2.969,0.534,-0.306,2.666
0.200,2,1000000000000.000000,-0.000,0.000,-0.000,0.000,-0.000,0.000
0.200,3,1000.000000,-1.068,1.691,-4.734,-3.169,8.501,-14.353
0.210,1,1000.000000,0.628,-4.944,2.966,0.560,-0.322,2.666
0.210,2,1000000000000.000000,-0.000,0.000,-0.000,0.000,-0.000,0.000
0.210,3,1000.000000,-1.115,1.659,-4.645,-3.311,8.912,-14.115
0.220,1,1000.000000,0.658,-4.938,2.963,0.587,-0.339,2.666
0.220,2,1000000000000.000000,-0.000,0.000,-0.000,0.000,-0.000,0.000
0.220,3,1000.000000,-1.161,1.626,-4.552,-3.449,9.317,-13.865
0.230,1,1000.000000,0.687,-4.932,2.959,0.614,-0.355,2.666
0.230,2,1000000000000.000000,-0.000,0.000,-0.000,0.000,-0.000,0.000
0.230,3,1000.000000,-1.207,1.591,-4.455,-3.585,9.717,-13.604
0.240,1,1000.000000,0.717,-4.926,2.956,0.640,-0.371,2.665
0.240,2,1000000000000.000000,-0.000,0.000,-0.000,0.000,-0.000,0.000
0.240,3,1000.000000,-1.251,1.556,-4.353,-3.719,10.110,-13.331
0.250,1,1000.000000,0.746,-4.920,2.952,0.667,-0.388,2.665
0.250,2,1000000000000.000000,-0.000,0.000,-0.000,0.000,-0.000,0.000
0.250,3,1000.000000,-1.295,1.518,-4.249,-3.849,10.496,-13.047
0.260,1,1000.000000,0.776,-4.913,2.948,0.694,-0.404,2.665
0.260,2,1000000000000.000000,-0.000,0.000,-0.000,0.000,-0.000,0.000
0.260,3,1000.000000,-1.337,1.480,-4.140,-3.977,10.875,-12.752
0.270,1,1000.000000,0.805,-4.906,2.943,0.720,-0.421,2.665
0.270,2,1000000000000.000000,-0.000,0.000,-0.000,0.000,-0.000,0.000
0.270,3,1000.000000,-1.379,1.440,-4.027,-4.101,11.247,-12.445
0.280,1,1000.000000,0.835,-4.899,2.939,0.747,-0.437,2.664
0.280,2,1000000000000.000000,-0.000,0.000,-0.000,0.000,-0.000,0.000
0.280,3,1000.000000,-1.419,1.399,-3.911,-4.222,11.611,-12.127
0.290,1,1000.000000,0.864,-4.892,2.935,0.773,-0.454,2.664
0.290,2,1000000000000.000000,-0.000,0.000,-0.000,0.000,-0.000,0.000
0.290,3,1000.000000,-1.458,1.357,-3.792,-4.340,11.967,-11.799
0.300,1,1000.000000,0.893,-4.884,2.930,0.800,-0.471,2.664
0.300,2,1000000000000.000000,-0.000,0.000,-0.000,0.000,-0.000,0.000
0.300,3,1000.000000,-1.496,1.314,-3.668,-4.455,12.315,-11.459
0.310,1,1000.000000,0.923,-4.876,2.925,0.827,-0.487,2.663
0.310,2,1000000000000.000000,-0.000,0.000,-0.000,0.000,-0.000,0.000
0.310,3,1000.000000,-1.533,1.269,-3.542,-4.566,12.654,-11.109
0.320,1,1000.000000,0.952,-4.868,2.920,0.853,-0.504,2.663
0.320,2,1000000000000.000000,-0.000,0.000,-0.000,0.000,-0.000,0.000
0.320,3,1000.000000,-1.568,1.223,-3.412,-4.673,12.983,-10.748
0.330,1,1000.000000,0.981,-4.859,2.915,0.880,-0.521,2.663
0.330,2,1000000000000.000000,-0.000,0.000,-0.000,0.000,-0.000,0.000
0.330,3,1000.000000,-1.602,1.177,-3.279,-4.777,13.303,-10.377
0.340,1,1000.000000,1.010,-4.850,2.909,0.907,-0.538,2.662
0.340,2,1000000000000.000000,-0.000,0.000,-0.000,0.000,-0.000,0.000
0.340,3,1000.000000,-1.635,1.129,-3.143,-4.877,13.613,-9.996
0.350,1,1000.000000,1.039,-4.841,2.904,0.933,-0.554,2.662
0.350,2,1000000000000.000000,-0.000,0.000,-0.000,0.000,-0.000,0.000
0.350,3,1000.000000,-1.667,1.080,-3.004,-4.973,13.913,-9.604
0.360,1,1000.000000,1.069,-4.832,2.898,0.960,-0.571,2.662
0.360,2,1000000000000.000000,-0.000,0.000,-0.000,0.000,-0.000,0.000
0.360,3,1000.000000,-1.697,1.030,-2.862,-5.065,14.202,-9.203
0.370,1,1000.000000,1.097,-4.822,2.892,0.986,-0.588,2.661
0.370,2,1000000000000.000000,-0.000,0.000,-0.000,0.000,-0.000,0.000
0.370,3,1000.000000,-1.725,0.980,-2.717,-5.153,14.479,-8.793
0.380,1,1000.000000,1.126,-4.812,2.886,1.013,-0.606,2.661
0.380,2,1000000000000.000000,-0.000,0.000,-0.000,0.000,-0.000,0.000
0.380,3,1000.000000,-1.752,0.928,-2.569,-5.237,14.745,-8.373
0.390,1,1000.000000,1.155,-4.802,2.880,1.040,-0.623,2.660
0.390,2,1000000000000.000000,-0.000,0.000,-0.000,0.000,-0.000,0.000
0.390,3,1000.000000,-1.778,0.876,-2.419,-5.316,14.999,-7.944
0.400,1,1000.000000,1.184,-4.792,2.874,1.066,-0.640,2.660
0.400,2,1000000000000.000000,-0.000,0.000,-0.000,0.000,-0.000,0.000
0.400,3,1000.000000,-1.802,0.823,-2.267,-5.391,15.241,-7.506
0.410,1,1000.000000,1.213,-4.781,2.867,1.093,-0.657,2.659
0.410,2,1000000000000.000000,-0.000,0.000,-0.000,0.000,-0.000,0.000
0.410,3,1000.000000,-1.825,0.769,-2.112,-5.462,15.470,-7.061
0.420,1,1000.000000,1.241,-4.770,2.860,1.119,-0.674,2.659
0.420,2,1000000000000.000000,-0.000,0.000,-0.000,0.000,-0.000,0.000
0.420,3,1000.000000,-1.846,0.714,-1.955,-5.528,15.686,-6.607
0.430,1,1000.000000,1.270,-4.759,2.853,1.146,-0.692,2.658
0.430,2,1000000000000.000000,-0.000,0.000,-0.000,0.000,-0.000,0.000
0.430,3,1000.000000,-1.866,0.659,-1.797,-5.590,15.888,-6.145
0.440,1,1000.000000,1.299,-4.748,2.846,1.173,-0.709,2.658
0.440,2,1000000000000.000000,-0.000,0.000,-0.000,0.000,-0.000,0.000
0.440,3,1000.000000,-1.884,0.603,-1.636,-5.646,16.077,-5.677
0.450,1,1000.000000,1.327,-4.736,2.839,1.199,-0.727,2.657
0.450,2,1000000000000.000000,-0.000,0.000,-0.000,0.000,-0.000,0.000
0.450,3,1000.000000,-1.900,0.546,-1.473,-5.698,16.252,-5.201
0.460,1,1000.000000,1.355,-4.724,2.832,1.226,-0.744,2.657
0.460,2,1000000000000.000000,-0.000,0.000,-0.000,0.000,-0.000,0.000
0.460,3,1000.000000,-1.915,0.489,-1.309,-5.746,16.412,-4.720
0.470,1,1000.000000,1.384,-4.712,2.824,1.252,-0.762,2.656
0.470,2,1000000000000.000000,-0.000,0.000,-0.000,0.000,-0.000,0.000
0.470,3,1000.000000,-1.928,0.432,-1.144,-5.788,16.557,-4.232
0.480,1,1000.000000,1.412,-4.699,2.816,1.279,-0.780,2.656
0.480,2,1000000000000.000000,-0.000,0.000,-0.000,0.000,-0.000,0.000
0.480,3,1000.000000,-1.939,0.374,-0.977,-5.825,16.687,-3.739
0.490,1,1000.000000,1.440,-4.686,2.808,1.305,-0.798,2.655
0.490,2,1000000000000.000000,-0.000,0.000,-0.000,0.000,-0.000,0.000
0.490,3,1000.000000,-1.949,0.316,-0.809,-5.858,16.801,-3.241
0.500,1,1000.000000,1.468,-4.673,2.800,1.332,-0.816,2.654
0.500,2,1000000000000.000000,-0.000,0.000,-0.000,0.000,-0.000,0.000
0.500,3,1000.000000,-1.957,0.257,-0.640,-5.885,16.900,-2.739
0.510,1,1000.000000,1.496,-4.660,2.792,1.359,-0.834,2.654
0.510,2,1000000000000.000000,-0.000,0.000,-0.000,0.000,-0.000,-0.000
0.510,3,1000.000000,-1.963,0.198,-0.470,-5.907,16.983,-2.232
0.520,1,1000.000000,1.524,-4.646,2.783,1.385,-0.852,2.653
0.520,2,1000000000000.000000,-0.000,0.000,-0.000,0.000,-0.000,-0.000
0.520,3,1000.000000,-1.968,0.139,-0.299,-5.925,17.050,-1.723
0.530,1,1000.000000,1.552,-4.633,2.774,1.412,-0.870,2.652
0.530,2,1000000000000.000000,-0.000,0.000,-0.000,0.000,-0.000,-0.000
0.530,3,1000.000000,-1.971,0.080,-0.128,-5.937,17.101,-1.211
0.540,1,1000.000000,1.580,-4.618,2.766,1.438,-0.888,2.651
0.540,2,1000000000000.000000,-0.000,0.000,-0.000,0.000,-0.000,-0.000
0.540,3,1000.000000,-1.972,0.021,0.043,-5.944,17.135,-0.696
0.550,1,1000.000000,1.607,-4.604,2.756,1.465,-0.907,2.651
0.550,2,1000000000000.000000,-0.000,0.000,-0.000,0.000,-0.000,-0.000
0.550,3,1000.000000,-1.972,-0.039,0.214,-5.945,17.152,-0.180
0.560,1,1000.000000,1.635,-4.589,2.747,1.491,-0.925,2.650
0.560,2,1000000000000.000000,-0.000,0.000,-0.000,0.000,-0.000,-0.000
0.560,3,1000.000000,-1.970,-0.098,0.386,-5.942,17.152,0.337
0.570,1,1000.000000,1.662,-4.575,2.738,1.518,-0.944,2.649
0.570,2,1000000000000.000000,-0.000,0.000,-0.000,0.000,-0.000,-0.000
0.570,3,1000.000000,-1.966,-0.158,0.557,-5.934,17.136,0.854
0.580,1,1000.000000,1.690,-4.559,2.728,1.544,-0.962,2.648
0.580,2,1000000000000.000000,-0.000,0.000,-0.000,0.000,-0.000,-0.000
0.580,3,1000.000000,-1.960,-0.217,0.728,-5.920,17.102,1.371
0.590,1,1000.000000,1.717,-4.544,2.718,1.571,-0.981,2.647
0.590,2,1000000000000.000000,-0.000,0.000,-0.000,0.000,-0.000,-0.000
0.590,3,1000.000000,-1.953,-0.276,0.899,-5.901,17.052,1.887
0.600,1,1000.000000,1.744,-4.528,2.708,1.597,-1.000,2.646
0.600,2,1000000000000.000000,-0.000,0.000,-0.000,0.000,-0.000,-0.000
0.600,3,1000.000000,-1.944,-0.335,1.069,-5.877,16.984,2.401
0.610,1,1000.000000,1.771,-4.512,2.698,1.623,-1.019,2.645
0.610,2,1000000000000.000000,-0.000,0.000,-0.000,0.000,-0.000,-0.000
0.610,3,1000.000000,-1.933,-0.394,1.238,-5.848,16.899,2.913
0.620,1,1000.000000,1.798,-4.496,2.688,1.650,-1.038,2.644
0.620,2,1000000000000.000000,-0.000,0.000,-0.000,0.000,-0.000,-0.000
0.620,3,1000.000000,-1.921,-0.452,1.406,-5.814,16.797,3.422
0.630,1,1000.000000,1.825,-4.480,2.677,1.676,-1.057,2.643
0.630,2,1000000000000.000000,-0.000,0.000,-0.000,0.000,-0.000,-0.000
0.630,3,1000.000000,-1.907,-0.511,1.572,-5.774,16.678,3.927
0.640,1,1000.000000,1.852,-4.463,2.666,1.703,-1.076,2.642
0.640,2,1000000000000.000000,-0.000,0.000,-0.000,0.000,-0.000,-0.000
0.640,3,1000.000000,-1.891,-0.568,1.738,-5.730,16.542,4.428
0.650,1,1000.000000,1.879,-4.446,2.655,1.729,-1.096,2.641
0.650,2,1000000000000.000000,-0.000,0.000,-0.000,0.000,-0.000,-0.000
0.650,3,1000.000000,-1.874,-0.626,1.902,-5.681,16.389,4.924
0.660,1,1000.000000,1.905,-4.428,2.644,1.756,-1.115,2.639
0.660,2,1000000000000.000000,-0.000,0.000,-0.000,0.000,-0.000,-0.000
0.660,3,1000.000000,-1.855,-0.682,2.064,-5.627,16.220,5.415
0.670,1,1000.000000,1.932,-4.411,2.633,1.782,-1.135,2.638
0.670,2,1000000000000.000000,-0.000,0.000,-0.000,0.000,-0.000,-0.000
0.670,3,1000.000000,-1.834,-0.739,2.224,-5.568,16.035,5.899
0.680,1,1000.000000,1.958,-4.393,2.621,1.808,-1.155,2.637
0.680,2,1000000000000.000000,-0.000,0.000,-0.000,0.000,-0.000,-0.000
0.680,3,1000.000000,-1.812,-0.794,2.383,-5.504,15.833,6.376
0.690,1,1000.000000,1.984,-4.375,2.610,1.835,-1.175,2.635
0.690,2,1000000000000.000000,-0.000,0.000,-0.000,0.000,-0.000,-0.000
0.690,3,1000.000000,-1.788,-0.849,2.539,-5.435,15.616,6.845
0.700,1,1000.000000,2.010,-4.357,2.598,1.861,-1.195,2.634
0.700,2,1000000000000.000000,-0.000,0.000,-0.000,0.000,-0.000,-0.000
0.700,3,1000.000000,-1.763,-0.904,2.693,-5.362,15.383,7.306
0.710,1,1000.000000,2.036,-4.338,2.586,1.887,-1.215,2.632
0.710,2,1000000000000.000000,-0.000,0.000,-0.000,0.000,-0.000,-0.000
0.710,3,1000.000000,-1.736,-0.957,2.844,-5.285,15.135,7.759
0.720,1,1000.000000,2.062,-4.319,2.573,1.914,-1.235,2.631
0.720,2,1000000000000.000000,-0.000,0.000,-0.000,0.000,-0.000,-0.000
0.720,3,1000.000000,-1.707,-1.010,2.993,-5.203,14.872,8.202
0.730,1,1000.000000,2.088,-4.300,2.561,1.940,-1.255,2.629
0.730,2,1000000000000.000000,-0.000,0.000,-0.000,0.000,-0.000,-0.000
0.730,3,1000.000000,-1.678,-1.062,3.139,-5.116,14.594,8.634
0.740,1,1000.000000,2.113,-4.281,2.548,1.966,-1.276,2.628
0.740,2,1000000000000.000000,-0.000,0.000,-0.000,0.000,-0.000,-0.000
0.740,3,1000.000000,-1.646,-1.113,3.282,-5.026,14.303,9.057
0.750,1,1000.000000,2.139,-4.261,2.535,1.992,-1.296,2.626
0.750,2,1000000000000.000000,-0.000,0.000,-0.000,0.000,-0.000,-0.000
0.750,3,1000.000000,-1.613,-1.164,3.422,-4.931,13.998,9.468
0.760,1,1000.000000,2.164,-4.241,2.522,2.019,-1.317,2.624
0.760,2,1000000000000.000000,-0.000,0.000,-0.000,0.000,-0.000,-0.000
0.760,3,1000.000000,-1.579,-1.213,3.558,-4.833,13.680,9.867
0.770,1,1000.000000,2.190,-4.221,2.508,2.045,-1.338,2.622
0.770,2,1000000000000.000000,-0.000,0.000,-0.000,0.000,-0.000,-0.000
0.770,3,1000.000000,-1.544,-1.261,3.692,-4.730,13.350,10.254
0.780,1,1000.000000,2.215,-4.200,2.495,2.071,-1.359,2.620
0.780,2,1000000000000.000000,-0.000,0.000,-0.000,0.000,-0.000,-0.000
0.780,3,1000.000000,-1.507,-1.309,3.822,-4.624,13.007,10.629
0.790,1,1000.000000,2.240,-4.180,2.481,2.097,-1.381,2.618
0.790,2,1000000000000.000000,-0.000,0.000,-0.000,0.000,-0.000,-0.000
0.790,3,1000.000000,-1.468,-1.355,3.949,-4.514,12.653,10.990
0.800,1,1000.000000,2.264,-4.159,2.467,2.123,-1.402,2.616
0.800,2,1000000000000.000000,-0.000,0.000,-0.000,0.000,-0.000,-0.000
0.800,3,1000.000000,-1.429,-1.400,4.071,-4.400,12.289,11.338
0.810,1,1000.000000,2.289,-4.137,2.453,2.150,-1.423,2.614
0.810,2,1000000000000.000000,-0.000,0.000,-0.000,0.000,-0.000,-0.000
0.810,3,1000.000000,-1.388,-1.444,4.191,-4.284,11.914,11.672
0.820,1,1000.000000,2.314,-4.116,2.438,2.176,-1.445,2.612
0.820,2,1000000000000.000000,-0.000,0.000,-0.000,0.000,-0.000,-0.000
0.820,3,1000.000000,-1.346,-1.487,4.306,-4.164,11.529,11.992
0.830,1,1000.000000,2.338,-4.094,2.424,2.202,-1.467,2.610
0.830,2,1000000000000.000000,-0.000,0.000,-0.000,0.000,-0.000,-0.000
0.830,3,1000.000000,-1.303,-1.528,4.417,-4.041,11.135,12.297
0.840,1,1000.000000,2.362,-4.072,2.409,2.228,-1.489,2.607
0.840,2,1000000000000.000000,-0.000,0.000,-0.000,0.000,-0.000,-0.000
0.840,3,1000.000000,-1.259,-1.569,4.525,-3.915,10.733,12.588
0.850,1,1000.000000,2.386,-4.050,2.394,2.254,-1.511,2.605
0.850,2,1000000000000.000000,-0.000,0.000,-0.000,0.000,-0.000,-0.000
0.850,3,1000.000000,-1.214,-1.608,4.628,-3.786,10.324,12.864
0.860,1,1000.000000,2.410,-4.027,2.378,2.280,-1.533,2.602
0.860,2,1000000000000.000000,-0.000,0.000,-0.000,0.000,-0.000,-0.000
0.860,3,1000.000000,-1.168,-1.646,4.727,-3.655,9.907,13.124
0.870,1,1000.000000,2.434,-4.005,2.363,2.306,-1.556,2.600
0.870,2,1000000000000.000000,-0.000,0.000,-0.000,0.000,-0.000,-0.000
0.870,3,1000.000000,-1.120,-1.682,4.822,-3.521,9.483,13.368
0.880,1,1000.000000,2.458,-3.982,2.347,2.332,-1.578,2.597
0.880,2,1000000000000.000000,-0.000,0.000,-0.000,0.000,-0.000,-0.000
0.880,3,1000.000000,-1.072,-1.718,4.912,-3.385,9.054,13.598
0.890,1,1000.000000,2.481,-3.958,2.331,2.358,-1.601,2.594
0.890,2,1000000000000.000000,-0.000,0.000,-0.000,0.000,-0.000,-0.000
0.890,3,1000.000000,-1.023,-1.751,4.998,-3.247,8.620,13.811
0.900,1,1000.000000,2.504,-3.935,2.315,2.384,-1.624,2.591
0.900,2,1000000000000.000000,-0.000,0.000,-0.000,0.000,-0.000,-0.000
0.900,3,1000.000000,-0.973,-1.784,5.080,-3.107,8.182,14.009
0.910,1,1000.000000,2.528,-3.911,2.298,2.410,-1.647,2.588
0.910,2,1000000000000.000000,-0.000,0.000,-0.000,0.000,-0.000,-0.000
0.910,3,1000.000000,-0.922,-1.815,5.158,-2.965,7.739,14.191
0.920,1,1000.000000,2.551,-3.887,2.282,2.435,-1.671,2.585
0.920,2,1000000000000.000000,-0.000,0.000,-0.000,0.000,-0.000,-0.000
0.920,3,1000.000000,-0.871,-1.845,5.231,-2.822,7.294,14.357
0.930,1,1000.000000,2.573,-3.862,2.265,2.461,-1.694,2.582
0.930,2,1000000000000.000000,-0.000,0.000,-0.000,0.000,-0.000,-0.000
0.930,3,1000.000000,-0.818,-1.873,5.299,-2.677,6.846,14.507
0.940,1,1000.000000,2.596,-3.838,2.247,2.487,-1.718,2.579
0.940,2,1000000000000.000000,-0.000,0.000,-0.000,0.000,-0.000,-0.000
0.940,3,1000.000000,-0.765,-1.900,5.363,-2.530,6.397,14.641
0.950,1,1000.000000,2.618,-3.813,2.230,2.513,-1.742,2.575
0.950,2,1000000000000.000000,-0.000,0.000,-0.000,-0.000,-0.000,-0.000
0.950,3,1000.000000,-0.712,-1.925,5.422,-2.383,5.946,14.760
0.960,1,1000.000000,2.641,-3.788,2.212,2.539,-1.766,2.572
0.960,2,1000000000000.000000,-0.000,0.000,-0.000,-0.000,-0.000,-0.000
0.960,3,1000.000000,-0.657,-1.949,5.477,-2.234,5.495,14.863
0.970,1,1000.000000,2.663,-3.762,2.194,2.564,-1.790,2.568
0.970,2,1000000000000.000000,-0.000,0.000,-0.000,-0.000,-0.000,-0.000
0.970,3,1000.000000,-0.603,-1.971,5.528,-2.085,5.044,14.951
0.980,1,1000.000000,2.685,-3.737,2.176,2.590,-1.815,2.564
0.980,2,1000000000000.000000,-0.000,0.000,-0.000,-0.000,-0.000,-0.000
0.980,3,1000.000000,-0.547,-1.992,5.574,-1.934,4.593,15.023
0.990,1,1000.000000,2.707,-3.711,2.158,2.615,-1.840,2.560
0.990,2,1000000000000.000000,-0.000,0.000,-0.000,-0.000,-0.000,-0.000
0.990,3,1000.000000,-0.492,-2.011,5.615,-1.784,4.144,15.080
1.000,1,1000.000000,2.728,-3.685,2.139,2.641,-1.864,2.556
1.000,2,1000000000000.000000,-0.000,0.000,-0.000,-0.000,-0.000,-0.000
1.000,3,1000.000000,-0.435,-2.029,5.652,-1.632,3.697,15.123
1.010,1,1000.000000,2.750,-3.658,2.120,2.667,-1.889,2.552
1.010,2,1000000000000.000000,-0.000,0.000,-0.000,-0.000,-0.000,-0.000
1.010,3,1000.000000,-0.379,-2.045,5.685,-1.481,3.252,15.151
1.020,1,1000.000000,2.771,-3.632,2.101,2.692,-1.915,2.548
1.020,2,1000000000000.000000,-0.000,0.000,-0.000,-0.000,-0.000,-0.000
1.020,3,1000.000000,-0.322,-2.060,5.713,-1.329,2.810,15.165
1.030,1,1000.000000,2.792,-3.605,2.082,2.717,-1.940,2.543
1.030,2,1000000000000.000000,-0.000,0.000,-0.000,-0.000,-0.000,-0.000
1.030,3,1000.000000,-0.265,-2.074,5.737,-1.177,2.371,15.164
1.040,1,1000.000000,2.813,-3.577,2.062,2.743,-1.966,2.538
1.040,2,1000000000000.000000,-0.000,0.000,-0.000,-0.000,0.000,-0.000
1.040,3,1000.000000,-0.208,-2.085,5.756,-1.026,1.936,15.150
1.050,1,1000.000000,2.833,-3.550,2.042,2.768,-1.992,2.534
1.050,2,1000000000000.000000,-0.000,0.000,-0.000,-0.000,0.000,-0.000
1.050,3,1000.000000,-0.150,-2.096,5.771,-0.875,1.506,15.122
1.060,1,1000.000000,2.854,-3.522,2.022,2.793,-2.018,2.529
1.060,2,1000000000000.000000,-0.000,0.000,-0.000,-0.000,0.000,-0.000
1.060,3,1000.000000,-0.092,-2.104,5.782,-0.724,1.080,15.082
1.070,1,1000.000000,2.874,-3.494,2.002,2.819,-2.044,2.524
1.070,2,1000000000000.000000,-0.000,0.000,-0.000,-0.000,0.000,-0.000
1.070,3,1000.000000,-0.035,-2.112,5.788,-0.574,0.660,15.028
1.080,1,1000.000000,2.894,-3.466,1.981,2.844,-2.071,2.518
1.080,2,1000000000000.000000,-0.000,0.000,-0.000,-0.000,0.000,-0.000
1.080,3,1000.000000,0.023,-2.117,5.791,-0.424,0.245,14.963
1.090,1,1000.000000,2.914,-3.438,1.960,2.869,-2.098,2.513
1.090,2,1000000000000.000000,-0.000,0.000,-0.000,-0.000,0.000,-0.000
1.090,3,1000.000000,0.081,-2.122,5.789,-0.275,-0.164,14.885
1.100,1,1000.000000,2.933,-3.409,1.939,2.894,-2.125,2.507
1.100,2,1000000000000.000000,-0.000,0.000,-0.000,-0.000,0.000,-0.000
1.100,3,1000.000000,0.139,-2.124,5.783,-0.127,-0.567,14.796
1.110,1,1000.000000,2.953,-3.380,1.917,2.919,-2.152,2.501
1.110,2,1000000000000.000000,-0.000,0.000,-0.000,-0.000,0.000,-0.000
1.110,3,1000.000000,0.197,-2.126,5.774,0.020,-0.963,14.695
1.120,1,1000.000000,2.972,-3.351,1.895,2.944,-2.180,2.495
1.120,2,1000000000000.000000,-0.000,0.000,-0.000,-0.000,0.000,-0.000
1.120,3,1000.000000,0.255,-2.125,5.760,0.166,-1.351,14.584
1.130,1,1000.000000,2.991,-3.322,1.873,2.969,-2.208,2.489
1.130,2,1000000000000.000000,-0.000,0.000,-0.000,-0.000,0.000,-0.000
1.130,3,1000.000000,0.312,-2.124,5.743,0.310,-1.733,14.462
1.140,1,1000.000000,3.010,-3.292,1.851,2.994,-2.236,2.483
1.140,2,1000000000000.000000,-0.000,0.000,-0.000,-0.000,0.000,-0.000
1.140,3,1000.000000,0.370,-2.121,5.722,0.453,-2.107,14.330
1.150,1,1000.000000,3.028,-3.262,1.828,3.019,-2.264,2.476
1.150,2,1000000000000.000000,-0.000,0.000,-0.000,-0.000,0.000,-0.000
1.150,3,1000.000000,0.427,-2.116,5.697,0.595,-2.474,14.189
1.160,1,1000.000000,3.046,-3.232,1.805,3.043,-2.292,2.469
1.160,2,1000000000000.000000,-0.000,0.000,-0.000,-0.000,0.000,-0.000
1.160,3,1000.000000,0.484,-2.110,5.669,0.736,-2.833,14.039
1.170,1,1000.000000,3.064,-3.201,1.782,3.068,-2.321,2.462
1.170,2,1000000000000.000000,-0.000,0.000,-0.000,-0.000,0.000,-0.000
1.170,3,1000.000000,0.541,-2.103,5.637,0.875,-3.183,13.880
1.180,1,1000.000000,3.082,-3.171,1.759,3.092,-2.350,2.455
1.180,2,1000000000000.000000,-0.000,0.000,-0.000,-0.000,0.000,-0.000
1.180,3,1000.000000,0.597,-2.094,5.602,1.012,-3.525,13.712
1.190,1,1000.000000,3.100,-3.140,1.735,3.117,-2.379,2.448
1.190,2,1000000000000.000000,-0.000,0.000,-0.000,-0.000,0.000,-0.000
1.190,3,1000.000000,0.653,-2.084,5.563,1.147,-3.859,13.537
1.200,1,1000.000000,3.117,-3.109,1.711,3.141,-2.409,2.440
1.200,2,1000000000000.000000,-0.000,0.000,-0.000,-0.000,0.000,-0.000
1.200,3,1000.000000,0.709,-2.072,5.521,1.281,-4.185,13.354
1.210,1,1000.000000,3.134,-3.077,1.686,3.166,-2.439,2.432
1.210,2,1000000000000.000000,-0.000,0.000,-0.000,-0.000,0.000,-0.000
1.210,3,1000.000000,0.764,-2.060,5.476,1.412,-4.501,13.164
1.220,1,1000.000000,3.151,-3.045,1.662,3.190,-2.469,2.424
1.220,2,1000000000000.000000,-0.000,0.000,-0.000,-0.000,0.000,-0.000
1.220,3,1000.000000,0.819,-2.046,5.428,1.542,-4.809,12.968
1.230,1,1000.000000,3.168,-3.014,1.637,3.214,-2.499,2.415
1.230,2,1000000000000.000000,-0.000,0.000,-0.000,-0.000,0.000,-0.000
1.230,3,1000.000000,0.873,-2.030,5.377,1.670,-5.108,12.765
1.240,1,1000.000000,3.184,-2.981,1.611,3.238,-2.530,2.407
1.240,2,1000000000000.000000,-0.000,0.000,-0.000,-0.000,0.000,-0.000
1.240,3,1000.000000,0.927,-2.013,5.323,1.795,-5.399,12.556
1.250,1,1000.000000,3.200,-2.949,1.586,3.262,-2.561,2.398
1.250,2,1000000000000.000000,-0.000,0.000,-0.000,-0.000,0.000,-0.000
1.250,3,1000.000000,0.980,-1.995,5.266,1.919,-5.680,12.342
1.260,1,1000.000000,3.216,-2.916,1.560,3.286,-2.592,2.388
1.260,2,1000000000000.000000,-0.000,0.000,-0.000,-0.000,0.000,-0.000
1.260,3,1000.000000,1.033,-1.976,5.207,2.040,-5.953,12.122
1.270,1,1000.000000,3.232,-2.884,1.534,3.310,-2.623,2.379
1.270,2,1000000000000.000000,-0.000,0.000,-0.000,-0.000,0.000,-0.000
1.270,3,1000.000000,1.085,-1.956,5.145,2.159,-6.216,11.898
1.280,1,1000.000000,3.247,-2.850,1.507,3.333,-2.655,2.369
1.280,2,1000000000000.000000,-0.000,0.000,-0.000,-0.000,0.000,-0.000
1.280,3,1000.000000,1.136,-1.934,5.080,2.275,-6.471,11.669
1.290,1,1000.000000,3.262,-2.817,1.480,3.357,-2.687,2.359
1.290,2,1000000000000.000000,-0.000,0.000,-0.000,-0.000,0.000,-0.000
1.290,3,1000.000000,1.187,-1.912,5.013,2.390,-6.717,11.436
1.300,1,1000.000000,3.277,-2.784,1.453,3.380,-2.719,2.348
1.300,2,1000000000000.000000,-0.000,0.000,-0.000,-0.000,0.000,-0.000
1.300,3,1000.000000,1.237,-1.888,4.943,2.502,-6.954,11.200
1.310,1,1000.000000,3.291,-2.750,1.426,3.404,-2.752,2.337
1.310,2,1000000000000.000000,-0.000,0.000,-0.000,-0.000,0.000,-0.000
1.310,3,1000.000000,1.286,-1.863,4.871,2.611,-7.182,10.960
1.320,1,1000.000000,3.306,-2.716,1.398,3.427,-2.785,2.326
1.320,2,1000000000000.000000,-0.000,0.000,-0.000,-0.000,0.000,-0.000
1.320,3,1000.000000,1.335,-1.837,4.797,2.719,-7.402,10.717
1.330,1,1000.000000,3.320,-2.681,1.369,3.450,-2.818,2.315
1.330,2,1000000000000.000000,-0.000,0.000,-0.000,-0.000,0.000,-0.000
1.330,3,1000.000000,1.383,-1.809,4.721,2.823,-7.613,10.471
1.340,1,1000.000000,3.333,-2.647,1.341,3.473,-2.851,2.303
1.340,2,1000000000000.000000,-0.000,0.000,-0.000,-0.000,0.000,-0.000
1.340,3,1000.000000,1.430,-1.781,4.643,2.926,-7.815,10.223
1.350,1,1000.000000,3.347,-2.612,1.312,3.496,-2.885,2.291
1.350,2,1000000000000.000000,-0.000,0.000,-0.000,-0.000,0.000,-0.000
1.350,3,1000.000000,1.477,-1.752,4.563,3.025,-8.009,9.973
1.360,1,1000.000000,3.360,-2.577,1.283,3.519,-2.919,2.278
1.360,2,1000000000000.000000,-0.000,0.000,-0.000,-0.000,0.000,-0.000
1.360,3,1000.000000,1.522,-1.722,4.481,3.122,-8.194,9.720
1.370,1,1000.000000,3.373,-2.542,1.253,3.542,-2.953,2.266
1.370,2,1000000000000.000000,-0.000,0.000,-0.000,-0.000,0.000,-0.000
1.370,3,1000.000000,1.567,-1.690,4.397,3.217,-8.371,9.466
1.380,1,1000.000000,3.385,-2.507,1.224,3.564,-2.988,2.252
1.380,2,1000000000000.000000,-0.000,0.000,-0.000,-0.000,0.000,-0.000
1.380,3,1000.000000,1.611,-1.658,4.312,3.309,-8.540,9.211
1.390,1,1000.000000,3.397,-2.471,1.193,3.587,-3.023,2.239
1.390,2,1000000000000.000000,-0.000,0.000,-0.000,-0.000,0.000,-0.000
1.390,3,1000.000000,1.654,-1.625,4.225,3.399,-8.701,8.955
1.400,1,1000.000000,3.409,-2.435,1.163,3.609,-3.058,2.224
1.400,2,1000000000000.000000,-0.000,0.000,-0.000,-0.000,0.000,-0.000
1.400,3,1000.000000,1.697,-1.591,4.136,3.486,-8.854,8.697
1.410,1,1000.000000,3.421,-2.399,1.132,3.631,-3.094,2.210
1.410,2,1000000000000.000000,-0.000,0.000,-0.000,-0.000,0.000,-0.000
1.410,3,1000.000000,1.738,-1.556,4.046,3.570,-8.999,8.439
1.420,1,1000.000000,3.432,-2.363,1.100,3.653,-3.130,2.195
1.420,2,1000000000000.000000,-0.000,0.000,-0.000,-0.000,0.000,-0.000
1.420,3,1000.000000,1.778,-1.521,3.955,3.652,-9.136,8.181
1.430,1,1000.000000,3.443,-2.326,1.069,3.675,-3.166,2.180
1.430,2,1000000000000.000000,-0.000,0.000,-0.000,-0.000,0.000,-0.000
1.430,3,1000.000000,1.818,-1.484,3.862,3.731,-9.266,7.922
1.440,1,1000.000000,3.454,-2.289,1.037,3.696,-3.203,2.164
1.440,2,1000000000000.000000,-0.000,0.000,-0.000,-0.000,0.000,-0.000
1.440,3,1000.000000,1.857,-1.447,3.769,3.808,-9.388,7.664
1.450,1,1000.000000,3.464,-2.253,1.004,3.718,-3.240,2.147
1.450,2,1000000000000.000000,-0.000,0.000,-0.000,-0.000,0.000,-0.000
1.450,3,1000.000000,1.894,-1.409,3.673,3.882,-9.503,7.405
1.460,1,1000.000000,3.474,-2.215,0.972,3.739,-3.277,2.131
1.460,2,1000000000000.000000,-0.000,0.000,-0.000,-0.000,0.000,-0.000
1.460,3,1000.000000,1.931,-1.370,3.577,3.953,-9.611,7.147
1.470,1,1000.000000,3.484,-2.178,0.938,3.760,-3.314,2.113
1.470,2,1000000000000.000000,-0.000,0.000,-0.000,-0.000,0.000,-0.000
1.470,3,1000.000000,1.967,-1.330,3.480,4.022,-9.712,6.890
1.480,1,1000.000000,3.494,-2.140,0.905,3.781,-3.352,2.096
1.480,2,1000000000000.000000,-0.000,0.000,-0.000,-0.000,0.000,-0.000
1.480,3,1000.000000,2.002,-1.290,3.382,4.089,-9.806,6.633
1.490,1,1000.000000,3.503,-2.103,0.871,3.802,-3.390,2.077
1.490,2,1000000000000.000000,-0.000,0.000,-0.000,-0.000,0.000,-0.000
1.490,3,1000.000000,2.035,-1.249,3.283,4.152,-9.893,6.377
1.500,1,1000.000000,3.511,-2.065,0.837,3.822,-3.429,2.058
1.500,2,1000000000000.000000,-0.000,0.000,-0.000,-0.000,0.000,-0.000
1.500,3,1000.000000,2.068,-1.208,3.184,4.214,-9.974,6.121
1.510,1,1000.000000,3.520,-2.026,0.802,3.843,-3.468,2.039
1.510,2,1000000000000.000000,-0.000,0.000,-0.000,-0.000,0.000,-0.000
1.510,3,1000.000000,2.100,-1.166,3.083,4.272,-10.048,5.867
1.520,1,1000.000000,3.528,-1.988,0.767,3.863,-3.507,2.019
1.520,2,1000000000000.000000,-0.000,0.000,-0.000,-0.000,0.000,-0.000
1.520,3,1000.000000,2.131,-1.123,2.982,4.328,-10.116,5.615
1.530,1,1000.000000,3.535,-1.949,0.732,3.883,-3.546,1.998
1.530,2,1000000000000.000000,-0.000,0.000,-0.000,-0.000,0.000,-0.000
1.530,3,1000.000000,2.161,-1.080,2.880,4.382,-10.178,5.363
1.540,1,1000.000000,3.543,-1.910,0.696,3.903,-3.586,1.977
1.540,2,1000000000000.000000,-0.000,-0.000,-0.000,-0.000,0.000,-0.000
1.540,3,1000.000000,2.190,-1.036,2.778,4.433,-10.234,5.113
1.550,1,1000.000000,3.550,-1.871,0.659,3.922,-3.626,1.955
1.550,2,1000000000000.000000,-0.000,-0.000,-0.000,-0.000,0.000,-0.000
1.550,3,1000.000000,2.217,-0.991,2.675,4.482,-10.284,4.865
1.560,1,1000.000000,3.556,-1.832,0.623,3.942,-3.667,1.933
1.560,2,1000000000000.000000,-0.000,-0.000,-0.000,-0.000,0.000,-0.000
1.560,3,1000.000000,2.244,-0.947,2.572,4.528,-10.329,4.618
1.570,1,1000.000000,3.562,-1.793,0.586,3.961,-3.707,1.910
1.570,2,1000000000000.000000,-0.000,-0.000,-0.000,-0.000,0.000,-0.000
1.570,3,1000.000000,2.270,-0.901,2.468,4.572,-10.367,4.373
1.580,1,1000.000000,3.568,-1.753,0.548,3.980,-3.749,1.886
1.580,2,1000000000000.000000,-0.000,-0.000,-0.000,-0.000,0.000,-0.000
1.580,3,1000.000000,2.294,-0.856,2.364,4.613,-10.401,4.130
1.590,1,1000.000000,3.574,-1.713,0.510,3.998,-3.790,1.862
1.590,2,1000000000000.000000,-0.000,-0.000,-0.000,-0.000,0.000,-0.000
1.590,3,1000.000000,2.318,-0.809,2.260,4.652,-10.429,3.889
1.600,1,1000.000000,3.579,-1.673,0.472,4.017,-3.832,1.837
1.600,2,1000000000000.000000,-0.000,-0.000,-0.000,-0.000,0.000,-0.000
1.600,3,1000.000000,2.341,-0.763,2.155,4.688,-10.452,3.650
1.610,1,1000.000000,3.584,-1.633,0.433,4.035,-3.874,1.811
1.610,2,1000000000000.000000,-0.000,-0.000,-0.000,-0.000,0.000,-0.000
1.610,3,1000.000000,2.362,-0.716,2.050,4.723,-10.470,3.413
1.620,1,1000.000000,3.588,-1.593,0.394,4.053,-3.916,1.785
1.620,2,1000000000000.000000,-0.000,-0.000,-0.000,-0.000,0.000,-0.000
1.620,3,1000.000000,2.383,-0.669,1.946,4.754,-10.483,3.178
1.630,1,1000.000000,3.592,-1.552,0.354,4.070,-3.959,1.757
1.630,2,1000000000000.000000,-0.000,-0.000,-0.000,-0.000,0.000,-0.000
1.630,3,1000.000000,2.402,-0.621,1.841,4.784,-10.492,2.945
1.640,1,1000.000000,3.595,-1.512,0.314,4.087,-4.001,1.729
1.640,2,1000000000000.000000,-0.000,-0.000,-0.000,-0.000,0.000,-0.000
1.640,3,1000.000000,2.421,-0.573,1.736,4.811,-10.496,2.714
1.650,1,1000.000000,3.599,-1.471,0.274,4.104,-4.045,1.700
1.650,2,1000000000000.000000,-0.000,-0.000,-0.000,-0.000,0.000,-0.000
1.650,3,1000.000000,2.438,-0.525,1.631,4.836,-10.495,2.486
1.660,1,1000.000000,3.601,-1.430,0.233,4.121,-4.088,1.671
1.660,2,1000000000000.000000,-0.000,-0.000,-0.000,-0.000,0.000,-0.000
1.660,3,1000.000000,2.454,-0.477,1.526,4.858,-10.491,2.260
1.670,1,1000.000000,3.604,-1.388,0.192,4.138,-4.132,1.640
1.670,2,1000000000000.000000,-0.000,-0.000,-0.000,-0.000,0.000,-0.000
1.670,3,1000.000000,2.470,-0.428,1.421,4.879,-10.481,2.037
1.680,1,1000.000000,3.606,-1.347,0.150,4.154,-4.176,1.609
1.680,2,1000000000000.000000,-0.000,-0.000,-0.000,-0.000,0.000,-0.000
1.680,3,1000.000000,2.484,-0.380,1.316,4.897,-10.468,1.816
1.690,1,1000.000000,3.607,-1.306,0.108,4.169,-4.220,1.577
1.690,2,1000000000000.000000,-0.000,-0.000,-0.000,-0.000,0.000,-0.000
1.690,3,1000.000000,2.497,-0.331,1.212,4.913,-10.451,1.597
1.700,1,1000.000000,3.608,-1.264,0.065,4.185,-4.265,1.544
1.700,2,1000000000000.000000,-0.000,-0.000,-0.000,-0.000,0.000,-0.000
1.700,3,1000.000000,2.509,-0.281,1.108,4.927,-10.430,1.381
1.710,1,1000.000000,3.609,-1.222,0.022,4.200,-4.310,1.510
1.710,2,1000000000000.000000,-0.000,-0.000,-0.000,-0.000,0.000,-0.000
1.710,3,1000.000000,2.520,-0.232,1.003,4.938,-10.405,1.167
1.720,1,1000.000000,3.609,-1.180,-0.021,4.215,-4.355,1.475
1.720,2,1000000000000.000000,-0.000,-0.000,-0.000,-0.000,0.000,-0.000
1.720,3,1000.000000,2.530,-0.183,0.900,4.948,-10.377,0.956
1.730,1,1000.000000,3.609,-1.138,-0.065,4.229,-4.400,1.439
1.730,2,1000000000000.000000,-0.000,-0.000,-0.000,-0.000,0.000,-0.000
1.730,3,1000.000000,2.539,-0.133,0.796,4.955,-10.345,0.748
1.740,1,1000.000000,3.608,-1.096,-0.110,4.243,-4.446,1.402
1.740,2,1000000000000.000000,-0.000,-0.000,-0.000,-0.000,0.000,-0.000
1.740,3,1000.000000,2.547,-0.084,0.693,4.961,-10.310,0.541
1.750,1,1000.000000,3.607,-1.053,-0.155,4.257,-4.491,1.364
1.750,2,1000000000000.000000,-0.000,-0.000,-0.000,-0.000,0.000,-0.000
1.750,3,1000.000000,2.554,-0.034,0.590,4.964,-10.271,0.338
1.760,1,1000.000000,3.605,-1.011,-0.200,4.270,-4.537,1.325
1.760,2,1000000000000.000000,-0.000,-0.000,-0.000,-0.000,0.000,-0.000
1.760,3,1000.000000,2.560,0.015,0.488,4.966,-10.229,0.137
1.770,1,1000.000000,3.603,-0.968,-0.246,4.283,-4.584,1.285
1.770,2,1000000000000.000000,-0.000,-0.000,-0.000,-0.000,0.000,-0.000
1.770,3,1000.000000,2.565,0.065,0.386,4.965,-10.184,-0.061
1.780,1,1000.000000,3.601,-0.925,-0.292,4.295,-4.630,1.244
1.780,2,1000000000000.000000,-0.000,-0.000,-0.000,-0.000,0.000,-0.000
1.780,3,1000.000000,2.569,0.115,0.285,4.962,-10.136,-0.257
1.790,1,1000.000000,3.598,-0.882,-0.339,4.307,-4.677,1.201
1.790,2,1000000000000.000000,-0.000,-0.000,-0.000,-0.000,0.000,-0.000
1.790,3,1000.000000,2.571,0.164,0.184,4.958,-10.086,-0.451
1.800,1,1000.000000,3.595,-0.839,-0.386,4.319,-4.723,1.158
1.800,2,1000000000000.000000,-0.000,-0.000,-0.000,-0.000,0.000,-0.000
1.800,3,1000.000000,2.573,0.214,0.084,4.951,-10.032,-0.641
1.810,1,1000.000000,3.591,-0.796,-0.434,4.330,-4.770,1.113
1.810,2,1000000000000.000000,-0.000,-0.000,-0.000,-0.000,0.000,-0.000
1.810,3,1000.000000,2.574,0.263,-0.016,4.943,-9.975,-0.829
1.820,1,1000.000000,3.587,-0.753,-0.482,4.341,-4.817,1.068
1.820,2,1000000000000.000000,-0.000,-0.000,-0.000,-0.000,0.000,-0.000
1.820,3,1000.000000,2.574,0.313,-0.115,4.933,-9.916,-1.015
1.830,1,1000.000000,3.582,-0.709,-0.531,4.351,-4.864,1.021
1.830,2,1000000000000.000000,-0.000,-0.000,-0.000,-0.000,0.000,0.000
1.830,3,1000.000000,2.573,0.362,-0.214,4.921,-9.854,-1.198
1.840,1,1000.000000,3.576,-0.666,-0.580,4.361,-4.911,0.972
1.840,2,1000000000000.000000,-0.000,-0.000,-0.000,-0.000,0.000,0.000
1.840,3,1000.000000,2.571,0.411,-0.312,4.907,-9.790,-1.378
1.850,1,1000.000000,3.571,-0.622,-0.630,4.370,-4.958,0.923
1.850,2,1000000000000.000000,-0.000,-0.000,-0.000,-0.000,0.000,0.000
1.850,3,1000.000000,2.568,0.461,-0.409,4.892,-9.723,-1.556
1.860,1,1000.000000,3.564,-0.578,-0.680,4.379,-5.006,0.872
1.860,2,1000000000000.000000,-0.000,-0.000,-0.000,-0.000,0.000,0.000
1.860,3,1000.000000,2.564,0.509,-0.505,4.874,-9.654,-1.732
1.870,1,1000.000000,3.557,-0.535,-0.730,4.387,-5.053,0.820
1.870,2,1000000000000.000000,-0.000,-0.000,-0.000,-0.000,0.000,0.000
1.870,3,1000.000000,2.558,0.558,-0.601,4.855,-9.583,-1.904
1.880,1,1000.000000,3.550,-0.491,-0.781,4.394,-5.100,0.766
1.880,2,1000000000000.000000,-0.000,-0.000,-0.000,-0.000,0.000,0.000
1.880,3,1000.000000,2.552,0.607,-0.696,4.835,-9.509,-2.075
1.890,1,1000.000000,3.542,-0.447,-0.833,4.402,-5.147,0.711
1.890,2,1000000000000.000000,-0.000,-0.000,-0.000,-0.000,0.000,0.000
1.890,3,1000.000000,2.545,0.655,-0.791,4.812,-9.434,-2.242
1.900,1,1000.000000,3.534,-0.403,-0.885,4.408,-5.194,0.655
1.900,2,1000000000000.000000,-0.000,-0.000,-0.000,-0.000,0.000,0.000
1.900,3,1000.000000,2.538,0.703,-0.884,4.788,-9.356,-2.408
1.910,1,1000.000000,3.525,-0.359,-0.937,4.414,-5.242,0.597
1.910,2,1000000000000.000000,-0.000,-0.000,-0.000,-0.000,0.000,0.000
1.910,3,1000.000000,2.529,0.751,-0.977,4.762,-9.276,-2.571
1.920,1,1000.000000,3.516,-0.314,-0.990,4.419,-5.288,0.538
1.920,2,1000000000000.000000,-0.000,-0.000,-0.000,-0.000,0.000,0.000
1.920,3,1000.000000,2.519,0.799,-1.069,4.735,-9.194,-2.731
1.930,1,1000.000000,3.506,-0.270,-1.043,4.424,-5.335,0.477
1.930,2,1000000000000.000000,-0.000,-0.000,-0.000,-0.000,0.000,0.000
1.930,3,1000.000000,2.508,0.846,-1.160,4.706,-9.111,-2.889
1.940,1,1000.000000,3.495,-0.226,-1.097,4.428,-5.382,0.415
1.940,2,1000000000000.000000,-0.000,-0.000,-0.000,-0.000,0.000,0.000
1.940,3,1000.000000,2.497,0.893,-1.250,4.676,-9.025,-3.044
1.950,1,1000.000000,3.485,-0.182,-1.151,4.432,-5.428,0.351
1.950,2,1000000000000.000000,-0.000,-0.000,-0.000,-0.000,0.000,0.000
1.950,3,1000.000000,2.484,0.940,-1.340,4.644,-8.938,-3.197
1.960,1,1000.000000,3.473,-0.137,-1.206,4.435,-5.475,0.286
1.960,2,1000000000000.000000,-0.000,-0.000,0.000,-0.000,0.000,0.000
1.960,3,1000.000000,2.471,0.986,-1.428,4.610,-8.849,-3.348
1.970,1,1000.000000,3.461,-0.093,-1.261,4.437,-5.520,0.218
1.970,2,1000000000000.000000,-0.000,-0.000,0.000,-0.000,0.000,0.000
1.970,3,1000.000000,2.457,1.032,-1.516,4.575,-8.758,-3.496
1.980,1,1000.000000,3.448,-0.049,-1.317,4.438,-5.566,0.150
1.980,2,1000000000000.000000,-0.000,-0.000,0.000,-0.000,0.000,0.000
1.980,3,1000.000000,2.441,1.078,-1.602,4.539,-8.666,-3.642
1.990,1,1000.000000,3.435,-0.004,-1.373,4.439,-5.611,0.079
1.990,2,1000000000000.000000,-0.000,-0.000,0.000,-0.000,0.000,0.000
1.990,3,1000.000000,2.425,1.124,-1.688,4.501,-8.572,-3.786
2.000,1,1000.000000,3.421,0.040,-1.430,4.439,-5.656,0.007
2.000,2,1000000000000.000000,-0.000,-0.000,0.000,-0.000,0.000,0.000
2.000,3,1000.000000,2.408,1.169,-1.773,4.462,-8.476,-3.927
2.010,1,1000.000000,3.407,0.084,-1.487,4.439,-5.700,-0.067
2.010,2,1000000000000.000000,-0.000,-0.000,0.000,-0.000,0.000,0.000
2.010,3,1000.000000,2.391,1.213,-1.857,4.421,-8.379,-4.066
2.020,1,1000.000000,3.392,0.129,-1.544,4.437,-5.744,-0.142
2.020,2,1000000000000.000000,-0.000,-0.000,0.000,-0.000,0.000,0.000
2.020,3,1000.000000,2.372,1.257,-1.939,4.379,-8.281,-4.202
2.030,1,1000.000000,3.377,0.173,-1.602,4.435,-5.787,-0.220
2.030,2,1000000000000.000000,-0.000,-0.000,0.000,-0.000,0.000,0.000
2.030,3,1000.000000,2.353,1.301,-2.021,4.336,-8.181,-4.336
2.040,1,1000.000000,3.361,0.218,-1.660,4.432,-5.830,-0.299
2.040,2,1000000000000.000000,-0.000,-0.000,0.000,-0.000,0.000,0.000
2.040,3,1000.000000,2.333,1.345,-2.102,4.291,-8.080,-4.469
2.050,1,1000.000000,3.344,0.262,-1.719,4.428,-5.872,-0.380
2.050,2,1000000000000.000000,-0.000,-0.000,0.000,-0.000,0.000,0.000
2.050,3,1000.000000,2.312,1.387,-2.182,4.245,-7.977,-4.598
2.060,1,1000.000000,3.327,0.306,-1.778,4.424,-5.913,-0.463
2.060,2,1000000000000.000000,-0.000,-0.000,0.000,-0.000,0.000,0.000
2.060,3,1000.000000,2.290,1.430,-2.261,4.198,-7.873,-4.726
2.070,1,1000.000000,3.309,0.350,-1.838,4.418,-5.954,-0.548
2.070,2,1000000000000.000000,-0.000,-0.000,0.000,-0.000,0.000,0.000
2.070,3,1000.000000,2.267,1.472,-2.338,4.149,-7.768,-4.851
2.080,1,1000.000000,3.291,0.395,-1.898,4.412,-5.994,-0.635
2.080,2,1000000000000.000000,-0.000,-0.000,0.000,-0.000,0.000,0.000
2.080,3,1000.000000,2.244,1.513,-2.415,4.100,-7.662,-4.974
2.090,1,1000.000000,3.272,0.439,-1.958,4.405,-6.032,-0.723
2.090,2,1000000000000.000000,-0.000,-0.000,0.000,-0.000,0.000,0.000
2.090,3,1000.000000,2.220,1.554,-2.490,4.049,-7.554,-5.095
2.100,1,1000.000000,3.252,0.483,-2.019,4.396,-6.070,-0.814
2.100,2,1000000000000.000000,-0.000,-0.000,0.000,-0.000,0.000,0.000
2.100,3,1000.000000,2.195,1.595,-2.565,3.996,-7.446,-5.214
2.110,1,1000.000000,3.232,0.527,-2.080,4.387,-6.107,-0.906
2.110,2,1000000000000.000000,-0.000,-0.000,0.000,-0.000,0.000,0.000
2.110,3,1000.000000,2.169,1.635,-2.638,3.943,-7.336,-5.331
2.120,1,1000.000000,3.211,0.571,-2.141,4.377,-6.143,-1.001
2.120,2,1000000000000.000000,-0.000,-0.000,0.000,-0.000,0.000,0.000
2.120,3,1000.000000,2.143,1.674,-2.710,3.889,-7.225,-5.445
2.130,1,1000.000000,3.190,0.614,-2.203,4.366,-6.177,-1.098
2.130,2,1000000000000.000000,-0.000,-0.000,0.000,-0.000,0.000,0.000
2.130,3,1000.000000,2.116,1.713,-2.782,3.833,-7.113,-5.558
2.140,1,1000.000000,3.168,0.658,-2.265,4.354,-6.210,-1.196
2.140,2,1000000000000.000000,-0.000,-0.000,0.000,-0.000,0.000,0.000
2.140,3,1000.000000,2.088,1.751,-2.852,3.776,-7.000,-5.668
2.150,1,1000.000000,3.145,0.702,-2.327,4.341,-6.242,-1.297
2.150,2,1000000000000.000000,-0.000,-0.000,0.000,-0.000,0.000,0.000
2.150,3,1000.000000,2.059,1.789,-2.920,3.719,-6.885,-5.776
2.160,1,1000.000000,3.122,0.745,-2.390,4.327,-6.273,-1.399
2.160,2,1000000000000.000000,-0.000,-0.000,0.000,-0.000,0.000,0.000
2.160,3,1000.000000,2.030,1.826,-2.988,3.660,-6.770,-5.883
2.170,1,1000.000000,3.098,0.788,-2.453,4.312,-6.302,-1.504
2.170,2,1000000000000.000000,-0.000,-0.000,0.000,-0.000,0.000,0.000
2.170,3,1000.000000,2.000,1.863,-3.055,3.600,-6.654,-5.987
2.180,1,1000.000000,3.074,0.831,-2.516,4.296,-6.329,-1.610
2.180,2,1000000000000.000000,-0.000,-0.000,0.000,-0.000,0.000,0.000
2.180,3,1000.000000,1.970,1.899,-3.120,3.539,-6.537,-6.089
2.190,1,1000.000000,3.048,0.874,-2.580,4.279,-6.355,-1.719
2.190,2,1000000000000.000000,-0.000,-0.000,0.000,-0.000,0.000,0.000
2.190,3,1000.000000,1.938,1.934,-3.184,3.477,-6.419,-6.189
2.200,1,1000.000000,3.023,0.917,-2.644,4.261,-6.379,-1.830
2.200,2,1000000000000.000000,-0.000,-0.000,0.000,-0.000,0.000,0.000
2.200,3,1000.000000,1.907,1.969,-3.247,3.414,-6.300,-6.287
2.210,1,1000.000000,2.996,0.960,-2.708,4.241,-6.401,-1.942
2.210,2,1000000000000.000000,-0.000,-0.000,0.000,-0.000,0.000,0.000
2.210,3,1000.000000,1.874,2.003,-3.309,3.350,-6.180,-6.383
2.220,1,1000.000000,2.969,1.002,-2.772,4.221,-6.422,-2.057
2.220,2,1000000000000.000000,-0.000,-0.000,0.000,-0.000,0.000,0.000
2.220,3,1000.000000,1.841,2.037,-3.370,3.286,-6.059,-6.477
2.230,1,1000.000000,2.941,1.044,-2.836,4.199,-6.440,-2.174
2.230,2,1000000000000.000000,-0.000,-0.000,0.000,-0.000,0.000,0.000
2.230,3,1000.000000,1.807,2.070,-3.429,3.220,-5.937,-6.569
2.240,1,1000.000000,2.913,1.086,-2.901,4.176,-6.456,-2.292
2.240,2,1000000000000.000000,-0.000,-0.000,0.000,-0.000,0.000,0.000
2.240,3,1000.000000,1.773,2.102,-3.487,3.153,-5.815,-6.659
2.250,1,1000.000000,2.884,1.128,-2.966,4.152,-6.470,-2.413
2.250,2,1000000000000.000000,-0.000,-0.000,0.000,-0.000,0.000,0.000
2.250,3,1000.000000,1.738,2.133,-3.544,3.086,-5.691,-6.747
2.260,1,1000.000000,2.854,1.170,-3.030,4.127,-6.481,-2.535
2.260,2,1000000000000.000000,-0.000,-0.000,0.000,-0.000,0.000,0.000
2.260,3,1000.000000,1.703,2.164,-3.600,3.018,-5.567,-6.833
2.270,1,1000.000000,2.824,1.211,-3.095,4.100,-6.491,-2.660
2.270,2,1000000000000.000000,-0.000,-0.000,0.000,-0.000,0.000,0.000
2.270,3,1000.000000,1.667,2.194,-3.654,2.948,-5.442,-6.917
2.280,1,1000.000000,2.793,1.252,-3.160,4.072,-6.497,-2.786
2.280,2,1000000000000.000000,-0.000,-0.000,0.000,-0.000,0.000,0.000
2.280,3,1000.000000,1.630,2.224,-3.707,2.878,-5.316,-7.000
2.290,1,1000.000000,2.761,1.293,-3.225,4.043,-6.501,-2.914
2.290,2,1000000000000.000000,-0.000,-0.000,0.000,-0.000,0.000,0.000
2.290,3,1000.000000,1.593,2.253,-3.759,2.808,-5.190,-7.080
2.300,1,1000.000000,2.729,1.333,-3.290,4.013,-6.502,-3.044
2.300,2,1000000000000.000000,-0.000,-0.000,0.000,-0.000,0.000,0.000
2.300,3,1000.000000,1.555,2.281,-3.810,2.736,-5.062,-7.158
2.310,1,1000.000000,2.696,1.373,-3.355,3.981,-6.501,-3.175
2.310,2,1000000000000.000000,-0.000,-0.000,0.000,-0.000,0.000,0.000
2.310,3,1000.000000,1.517,2.308,-3.859,2.664,-4.934,-7.235
2.320,1,1000.000000,2.663,1.413,-3.420,3.948,-6.496,-3.308
2.320,2,1000000000000.000000,-0.000,-0.000,0.000,-0.000,0.000,0.000
2.320,3,1000.000000,1.479,2.335,-3.907,2.591,-4.805,-7.309
2.330,1,1000.000000,2.629,1.452,-3.485,3.913,-6.488,-3.443
2.330,2,1000000000000.000000,-0.000,-0.000,0.000,-0.000,0.000,0.000
2.330,3,1000.000000,1.440,2.361,-3.954,2.517,-4.676,-7.382
2.340,1,1000.000000,2.594,1.492,-3.550,3.878,-6.477,-3.579
2.340,2,1000000000000.000000,-0.000,-0.000,0.000,-0.000,0.000,0.000
2.340,3,1000.000000,1.400,2.386,-3.999,2.442,-4.545,-7.453
2.350,1,1000.000000,2.558,1.530,-3.615,3.840,-6.463,-3.717
2.350,2,1000000000000.000000,-0.000,-0.000,0.000,-0.000,0.000,0.000
2.350,3,1000.000000,1.360,2.410,-4.044,2.367,-4.414,-7.522
2.360,1,1000.000000,2.522,1.569,-3.679,3.802,-6.445,-3.856
2.360,2,1000000000000.000000,-0.000,-0.000,0.000,-0.000,0.000,0.000
2.360,3,1000.000000,1.320,2.434,-4.086,2.291,-4.282,-7.589
2.370,1,1000.000000,2.485,1.607,-3.743,3.762,-6.424,-3.996
2.370,2,1000000000000.000000,-0.000,-0.000,0.000,-0.000,0.000,0.000
2.370,3,1000.000000,1.279,2.457,-4.128,2.215,-4.150,-7.654
2.380,1,1000.000000,2.448,1.644,-3.807,3.721,-6.399,-4.137
2.380,2,1000000000000.000000,-0.000,-0.000,0.000,-0.000,0.000,0.000
2.380,3,1000.000000,1.238,2.479,-4.168,2.137,-4.017,-7.717
2.390,1,1000.000000,2.410,1.682,-3.871,3.678,-6.371,-4.280
2.390,2,1000000000000.000000,-0.000,-0.000,0.000,-0.000,0.000,0.000
2.390,3,1000.000000,1.196,2.500,-4.207,2.060,-3.883,-7.778
2.400,1,1000.000000,2.371,1.718,-3.934,3.633,-6.339,-4.423
2.400,2,1000000000000.000000,-0.000,-0.000,0.000,-0.000,0.000,0.000
2.400,3,1000.000000,1.154,2.521,-4.244,1.981,-3.749,-7.838
2.410,1,1000.000000,2.332,1.755,-3.997,3.588,-6.302,-4.568
2.410,2,1000000000000.000000,-0.000,-0.000,0.000,-0.000,0.000,0.000
2.410,3,1000.000000,1.111,2.541,-4.281,1.902,-3.614,-7.895
2.420,1,1000.000000,2.292,1.791,-4.060,3.541,-6.262,-4.713
2.420,2,1000000000000.000000,-0.000,-0.000,0.000,-0.000,0.000,0.000
2.420,3,1000.000000,1.069,2.560,-4.315,1.823,-3.478,-7.951
2.430,1,1000.000000,2.251,1.826,-4.122,3.492,-6.218,-4.858
2.430,2,1000000000000.000000,-0.000,-0.000,0.000,-0.000,0.000,0.000
2.430,3,1000.000000,1.025,2.578,-4.349,1.743,-3.342,-8.005
2.440,1,1000.000000,2.210,1.861,-4.184,3.442,-6.169,-5.004
2.440,2,1000000000000.000000,-0.000,-0.000,0.000,-0.000,0.000,0.000
2.440,3,1000.000000,0.982,2.595,-4.381,1.662,-3.205,-8.056
2.450,1,1000.000000,2.168,1.895,-4.245,3.391,-6.116,-5.151
2.450,2,1000000000000.000000,-0.000,-0.000,0.000,-0.000,0.000,0.000
2.450,3,1000.000000,0.938,2.612,-4.411,1.581,-3.067,-8.106
2.460,1,1000.000000,2.126,1.929,-4.306,3.338,-6.059,-5.297
2.460,2,1000000000000.000000,-0.000,-0.000,0.000,-0.000,0.000,0.000
2.460,3,1000.000000,0.894,2.628,-4.441,1.500,-2.929,-8.154
2.470,1,1000.000000,2.083,1.963,-4.366,3.283,-5.998,-5.444
2.470,2,1000000000000.000000,-0.000,-0.000,0.000,-0.000,0.000,0.000
2.470,3,1000.000000,0.850,2.643,-4.469,1.418,-2.790,-8.200
2.480,1,1000.000000,2.039,1.995,-4.425,3.227,-5.931,-5.590
2.480,2,1000000000000.000000,-0.000,-0.000,0.000,-0.000,0.000,0.000
2.480,3,1000.000000,0.805,2.657,-4.495,1.335,-2.650,-8.245
2.490,1,1000.000000,1.995,2.028,-4.484,3.170,-5.861,-5.736
2.490,2,1000000000000.000000,-0.000,-0.000,0.000,-0.000,0.000,0.000
2.490,3,1000.000000,0.760,2.670,-4.520,1.252,-2.510,-8.287
2.500,1,1000.000000,1.950,2.059,-4.541,3.111,-5.785,-5.881
2.500,2,1000000000000.000000,-0.000,-0.000,0.000,-0.000,0.000,0.000
2.500,3,1000.000000,0.715,2.683,-4.544,1.169,-2.370,-8.327
2.510,1,1000.000000,1.904,2.091,-4.598,3.051,-5.705,-6.026
2.510,2,1000000000000.000000,-0.000,-0.000,0.000,-0.000,0.000,0.000
2.510,3,1000.000000,0.669,2.695,-4.566,1.085,-2.229,-8.366
2.520,1,1000.000000,1.858,2.121,-4.655,2.989,-5.620,-6.170
2.520,2,1000000000000.000000,-0.000,-0.000,0.000,-0.000,0.000,0.000
2.520,3,1000.000000,0.624,2.706,-4.587,1.001,-2.087,-8.402
2.530,1,1000.000000,1.812,2.151,-4.710,2.926,-5.531,-6.312
2.530,2,1000000000000.000000,-0.000,-0.000,0.000,-0.000,0.000,0.000
2.530,3,1000.000000,0.578,2.716,-4.607,0.917,-1.945,-8.437
2.540,1,1000.000000,1.765,2.180,-4.764,2.861,-5.436,-6.454
2.540,2,1000000000000.000000,-0.000,-0.000,0.000,-0.000,0.000,0.000
2.540,3,1000.000000,0.532,2.725,-4.625,0.832,-1.802,-8.469
2.550,1,1000.000000,1.717,2.209,-4.818,2.796,-5.337,-6.594
2.550,2,1000000000000.000000,-0.000,-0.000,0.000,-0.000,0.000,0.000
2.550,3,1000.000000,0.486,2.733,-4.641,0.747,-1.659,-8.500
2.560,1,1000.000000,1.669,2.237,-4.870,2.728,-5.233,-6.732
2.560,2,1000000000000.000000,-0.000,-0.000,0.000,-0.000,0.000,0.000
2.560,3,1000.000000,0.439,2.740,-4.656,0.662,-1.515,-8.529
2.570,1,1000.000000,1.620,2.264,-4.921,2.660,-5.125,-6.868
2.570,2,1000000000000.000000,-0.000,-0.000,0.000,-0.000,0.000,0.000
2.570,3,1000.000000,0.393,2.747,-4.670,0.576,-1.371,-8.555
2.580,1,1000.000000,1.571,2.291,-4.971,2.589,-5.011,-7.002
2.580,2,1000000000000.000000,-0.000,-0.000,0.000,-0.000,0.000,0.000
2.580,3,1000.000000,0.346,2.753,-4.682,0.491,-1.226,-8.580
2.590,1,1000.000000,1.521,2.317,-5.020,2.518,-4.893,-7.134
2.590,2,1000000000000.000000,-0.000,-0.000,0.000,-0.000,0.000,0.000
2.590,3,1000.000000,0.299,2.758,-4.693,0.405,-1.081,-8.603
2.600,1,1000.000000,1.471,2.342,-5.068,2.446,-4.770,-7.263
2.600,2,1000000000000.000000,-0.000,-0.000,0.000,-0.000,0.000,0.000
2.600,3,1000.000000,0.252,2.762,-4.702,0.318,-0.935,-8.623
2.610,1,1000.000000,1.420,2.366,-5.114,2.372,-4.642,-7.390
2.610,2,1000000000000.000000,-0.000,-0.000,0.000,-0.000,0.000,0.000
2.610,3,1000.000000,0.205,2.765,-4.710,0.232,-0.789,-8.642
2.620,1,1000.000000,1.369,2.390,-5.160,2.296,-4.510,-7.513
2.620,2,1000000000000.000000,-0.000,-0.000,0.000,-0.000,0.000,0.000
2.620,3,1000.000000,0.158,2.767,-4.717,0.145,-0.642,-8.658
2.630,1,1000.000000,1.318,2.413,-5.203,2.220,-4.373,-7.633
2.630,2,1000000000000.000000,-0.000,-0.000,0.000,-0.000,0.000,0.000
2.630,3,1000.000000,0.111,2.769,-4.722,0.059,-0.495,-8.673
2.640,1,1000.000000,1.266,2.435,-5.246,2.143,-4.232,-7.750
2.640,2,1000000000000.000000,-0.000,-0.000,0.000,-0.000,0.000,0.000
2.640,3,1000.000000,0.064,2.769,-4.725,-0.028,-0.348,-8.685
2.650,1,1000.000000,1.213,2.457,-5.286,2.064,-4.087,-7.863
2.650,2,1000000000000.000000,-0.000,-0.000,0.000,-0.000,0.000,0.000
2.650,3,1000.000000,0.016,2.769,-4.727,-0.115,-0.200,-8.696
2.660,1,1000.000000,1.160,2.477,-5.326,1.984,-3.937,-7.972
2.660,2,1000000000000.000000,-0.000,-0.000,0.000,-0.000,0.000,0.000
2.660,3,1000.000000,-0.031,2.768,-4.728,-0.202,-0.051,-8.704
2.670,1,1000.000000,1.107,2.497,-5.364,1.904,-3.784,-8.077
2.670,2,1000000000000.000000,-0.000,-0.000,0.000,-0.000,0.000,0.000
2.670,3,1000.000000,-0.078,2.766,-4.727,-0.289,0.097,-8.710
2.680,1,1000.000000,1.053,2.516,-5.400,1.822,-3.626,-8.178
2.680,2,1000000000000.000000,-0.000,-0.000,0.000,-0.000,0.000,0.000
2.680,3,1000.000000,-0.125,2.763,-4.724,-0.376,0.246,-8.714
2.690,1,1000.000000,0.999,2.534,-5.435,1.739,-3.465,-8.275
2.690,2,1000000000000.000000,-0.000,-0.000,0.000,-0.000,0.000,0.000
2.690,3,1000.000000,-0.173,2.759,-4.720,-0.464,0.396,-8.716
2.700,1,1000.000000,0.945,2.552,-5.468,1.655,-3.300,-8.366
2.700,2,1000000000000.000000,-0.000,-0.000,0.000,-0.000,0.000,0.000
2.700,3,1000.000000,-0.220,2.755,-4.715,-0.551,0.546,-8.715
2.710,1,1000.000000,0.890,2.568,-5.499,1.571,-3.131,-8.453
2.710,2,1000000000000.000000,-0.000,-0.000,0.000,-0.000,0.000,0.000
2.710,3,1000.000000,-0.267,2.749,-4.708,-0.638,0.696,-8.713
2.720,1,1000.000000,0.835,2.584,-5.528,1.485,-2.959,-8.535
2.720,2,1000000000000.000000,-0.000,-0.000,0.000,-0.000,0.000,0.000
2.720,3,1000.000000,-0.314,2.743,-4.699,-0.725,0.846,-8.708
2.730,1,1000.000000,0.780,2.599,-5.556,1.399,-2.784,-8.612
2.730,2,1000000000000.000000,-0.000,-0.000,0.000,-0.000,0.000,0.000
2.730,3,1000.000000,-0.361,2.735,-4.689,-0.812,0.997,-8.701
2.740,1,1000.000000,0.725,2.613,-5.582,1.313,-2.607,-8.683
2.740,2,1000000000000.000000,-0.000,-0.000,0.000,-0.000,0.000,0.000
2.740,3,1000.000000,-0.408,2.727,-4.678,-0.899,1.147,-8.691
2.750,1,1000.000000,0.669,2.626,-5.607,1.225,-2.426,-8.749
2.750,2,1000000000000.000000,-0.000,-0.000,0.000,-0.000,0.000,0.000
2.750,3,1000.000000,-0.455,2.718,-4.665,-0.986,1.299,-8.680
2.760,1,1000.000000,0.613,2.638,-5.629,1.137,-2.244,-8.809
2.760,2,1000000000000.000000,-0.000,-0.000,0.000,0.000,0.000,0.000
2.760,3,1000.000000,-0.501,2.709,-4.650,-1.072,1.450,-8.666
2.770,1,1000.000000,0.556,2.649,-5.650,1.048,-2.059,-8.863
2.770,2,1000000000000.000000,-0.000,-0.000,0.000,0.000,0.000,0.000
2.770,3,1000.000000,-0.548,2.698,-4.634,-1.159,1.601,-8.649
2.780,1,1000.000000,0.500,2.660,-5.668,0.959,-1.872,-8.912
2.780,2,1000000000000.000000,-0.000,-0.000,0.000,0.000,-0.000,0.000
2.780,3,1000.000000,-0.594,2.686,-4.617,-1.245,1.753,-8.631
2.790,1,1000.000000,0.443,2.670,-5.685,0.870,-1.683,-8.954
2.790,2,1000000000000.000000,-0.000,-0.000,0.000,0.000,-0.000,0.000
2.790,3,1000.000000,-0.641,2.674,-4.598,-1.331,1.905,-8.610
2.800,1,1000.000000,0.386,2.678,-5.700,0.780,-1.493,-8.991
2.800,2,1000000000000.000000,-0.000,-0.000,0.000,0.000,-0.000,0.000
2.800,3,1000.000000,-0.686,2.660,-4.577,-1.417,2.057,-8.586
2.810,1,1000.000000,0.329,2.686,-5.713,0.690,-1.302,-9.022
2.810,2,1000000000000.000000,-0.000,-0.000,0.000,0.000,-0.000,0.000
2.810,3,1000.000000,-0.732,2.646,-4.555,-1.503,2.209,-8.561
2.820,1,1000.000000,0.272,2.693,-5.724,0.599,-1.109,-9.046
2.820,2,1000000000000.000000,-0.000,-0.000,0.000,0.000,-0.000,0.000
2.820,3,1000.000000,-0.778,2.631,-4.532,-1.588,2.361,-8.532
2.830,1,1000.000000,0.215,2.699,-5.733,0.508,-0.916,-9.064
2.830,2,1000000000000.000000,-0.000,-0.000,0.000,0.000,-0.000,0.000
2.830,3,1000.000000,-0.823,2.615,-4.506,-1.673,2.513,-8.502
2.840,1,1000.000000,0.158,2.704,-5.741,0.418,-0.723,-9.076
2.840,2,1000000000000.000000,-0.000,-0.000,0.000,0.000,-0.000,0.000
2.840,3,1000.000000,-0.868,2.599,-4.480,-1.758,2.665,-8.469
2.850,1,1000.000000,0.100,2.708,-5.746,0.327,-0.530,-9.082
2.850,2,1000000000000.000000,-0.000,-0.000,0.000,0.000,-0.000,0.000
2.850,3,1000.000000,-0.913,2.581,-4.452,-1.842,2.817,-8.433
2.860,1,1000.000000,0.043,2.711,-5.749,0.236,-0.336,-9.081
2.860,2,1000000000000.000000,-0.000,-0.000,0.000,0.000,-0.000,0.000
2.860,3,1000.000000,-0.958,2.563,-4.422,-1.926,2.969,-8.395
2.870,1,1000.000000,-0.015,2.714,-5.751,0.145,-0.143,-9.075
2.870,2,1000000000000.000000,-0.000,-0.000,0.000,0.000,-0.000,0.000
2.870,3,1000.000000,-1.002,2.543,-4.391,-2.010,3.121,-8.354
2.880,1,1000.000000,-0.072,2.715,-5.750,0.055,0.049,-9.062
2.880,2,1000000000000.000000,-0.000,-0.000,0.000,0.000,-0.000,0.000
2.880,3,1000.000000,-1.046,2.523,-4.358,-2.093,3.273,-8.311
2.890,1,1000.000000,-0.130,2.716,-5.748,-0.036,0.240,-9.043
2.890,2,1000000000000.000000,-0.000,-0.000,0.000,0.000,-0.000,0.000
2.890,3,1000.000000,-1.089,2.502,-4.324,-2.175,3.425,-8.265
2.900,1,1000.000000,-0.187,2.715,-5.744,-0.126,0.431,-9.018
2.900,2,1000000000000.000000,-0.000,-0.000,0.000,0.000,-0.000,0.000
2.900,3,1000.000000,-1.132,2.481,-4.288,-2.257,3.576,-8.216
2.910,1,1000.000000,-0.245,2.714,-5.737,-0.216,0.619,-8.987
2.910,2,1000000000000.000000,-0.000,-0.000,0.000,0.000,-0.000,0.000
2.910,3,1000.000000,-1.175,2.458,-4.251,-2.339,3.728,-8.165
2.920,1,1000.000000,-0.302,2.712,-5.729,-0.305,0.807,-8.951
2.920,2,1000000000000.000000,-0.000,-0.000,0.000,0.000,-0.000,0.000
2.920,3,1000.000000,-1.218,2.435,-4.212,-2.420,3.879,-8.111
2.930,1,1000.000000,-0.359,2.709,-5.719,-0.394,0.992,-8.908
2.930,2,1000000000000.000000,-0.000,-0.000,0.000,0.000,-0.000,0.000
2.930,3,1000.000000,-1.260,2.410,-4.172,-2.501,4.029,-8.055
2.940,1,1000.000000,-0.416,2.705,-5.708,-0.483,1.175,-8.860
2.940,2,1000000000000.000000,-0.000,-0.000,0.000,0.000,-0.000,0.000
2.940,3,1000.000000,-1.302,2.385,-4.130,-2.581,4.179,-7.996
2.950,1,1000.000000,-0.474,2.700,-5.694,-0.571,1.356,-8.806
2.950,2,1000000000000.000000,-0.000,-0.000,0.000,0.000,-0.000,0.000
2.950,3,1000.000000,-1.343,2.360,-4.087,-2.660,4.329,-7.934
2.960,1,1000.000000,-0.530,2.695,-5.679,-0.659,1.534,-8.747
2.960,2,1000000000000.000000,-0.000,-0.000,0.000,0.000,-0.000,0.000
2.960,3,1000.000000,-1.384,2.333,-4.042,-2.739,4.479,-7.869
2.970,1,1000.000000,-0.587,2.688,-5.662,-0.745,1.709,-8.683
2.970,2,1000000000000.000000,-0.000,-0.000,0.000,0.000,-0.000,0.000
2.970,3,1000.000000,-1.424,2.306,-3.995,-2.817,4.628,-7.802
2.980,1,1000.000000,-0.644,2.680,-5.643,-0.832,1.882,-8.614
2.980,2,1000000000000.000000,-0.000,-0.000,0.000,0.000,-0.000,0.000
2.980,3,1000.000000,-1.464,2.277,-3.948,-2.894,4.776,-7.731
2.990,1,1000.000000,-0.700,2.672,-5.622,-0.917,2.051,-8.540
2.990,2,1000000000000.000000,-0.000,-0.000,0.000,0.000,-0.000,0.000
2.990,3,1000.000000,-1.504,2.249,-3.898,-2.971,4.924,-7.658
3.000,1,1000.000000,-0.757,2.663,-5.600,-1.002,2.217,-8.461
3.000,2,1000000000000.000000,-0.000,-0.000,0.000,0.000,-0.000,0.000
3.000,3,1000.000000,-1.543,2.219,-3.848,-3.046,5.071,-7.582
3.010,1,1000.000000,-0.813,2.653,-5.576,-1.085,2.380,-8.377
3.010,2,1000000000000.000000,-0.000,-0.000,0.000,0.000,-0.000,0.000
3.010,3,1000.000000,-1.581,2.188,-3.796,-3.122,5.217,-7.504
3.020,1,1000.000000,-0.868,2.642,-5.551,-1.168,2.539,-8.290
3.020,2,1000000000000.000000,-0.000,-0.000,0.000,0.000,-0.000,0.000
3.020,3,1000.000000,-1.619,2.157,-3.742,-3.196,5.363,-7.422
3.030,1,1000.000000,-0.924,2.630,-5.524,-1.250,2.694,-8.198
3.030,2,1000000000000.000000,-0.000,-0.000,0.000,0.000,-0.000,0.000
3.030,3,1000.000000,-1.657,2.125,-3.687,-3.269,5.508,-7.338
3.040,1,1000.000000,-0.979,2.618,-5.496,-1.331,2.845,-8.102
3.040,2,1000000000000.000000,-0.000,-0.000,0.000,0.000,-0.000,0.000
3.040,3,1000.000000,-1.693,2.092,-3.630,-3.342,5.651,-7.250
3.050,1,1000.000000,-1.034,2.605,-5.466,-1.411,2.993,-8.002
3.050,2,1000000000000.000000,-0.000,-0.000,0.000,0.000,-0.000,0.000
3.050,3,1000.000000,-1.730,2.059,-3.572,-3.413,5.794,-7.160
3.060,1,1000.000000,-1.089,2.591,-5.434,-1.490,3.136,-7.899
3.060,2,1000000000000.000000,-0.000,-0.000,0.000,0.000,-0.000,0.000
3.060,3,1000.000000,-1.765,2.025,-3.513,-3.484,5.936,-7.067
3.070,1,1000.000000,-1.143,2.576,-5.401,-1.568,3.275,-7.793
3.070,2,1000000000000.000000,-0.000,-0.000,0.000,0.000,-0.000,0.000
3.070,3,1000.000000,-1.801,1.990,-3.452,-3.554,6.077,-6.971
3.080,1,1000.000000,-1.197,2.560,-5.367,-1.645,3.410,-7.683
3.080,2,1000000000000.000000,-0.000,-0.000,0.000,0.000,-0.000,0.000
3.080,3,1000.000000,-1.835,1.955,-3.390,-3.622,6.217,-6.872
3.090,1,1000.000000,-1.251,2.543,-5.332,-1.721,3.540,-7.571
3.090,2,1000000000000.000000,-0.000,-0.000,0.000,0.000,-0.000,0.000
3.090,3,1000.000000,-1.869,1.918,-3.327,-3.690,6.356,-6.770
3.100,1,1000.000000,-1.304,2.526,-5.295,-1.795,3.666,-7.455
3.100,2,1000000000000.000000,-0.000,-0.000,0.000,0.000,-0.000,0.000
3.100,3,1000.000000,-1.902,1.881,-3.262,-3.757,6.493,-6.665
3.110,1,1000.000000,-1.357,2.508,-5.257,-1.869,3.788,-7.338
3.110,2,1000000000000.000000,-0.000,-0.000,0.000,0.000,-0.000,0.000
3.110,3,1000.000000,-1.935,1.844,-3.195,-3.822,6.629,-6.557
3.120,1,1000.000000,-1.410,2.490,-5.218,-1.941,3.905,-7.218
3.120,2,1000000000000.000000,-0.000,-0.000,0.000,0.000,-0.000,0.000
3.120,3,1000.000000,-1.967,1.806,-3.128,-3.887,6.764,-6.446
3.130,1,1000.000000,-1.462,2.470,-5.178,-2.012,4.017,-7.096
3.130,2,1000000000000.000000,-0.000,-0.000,0.000,0.000,-0.000,0.000
3.130,3,1000.000000,-1.998,1.767,-3.059,-3.950,6.897,-6.332
3.140,1,1000.000000,-1.514,2.450,-5.137,-2.081,4.126,-6.972
3.140,2,1000000000000.000000,-0.000,-0.000,0.000,0.000,-0.000,0.000
3.140,3,1000.000000,-2.029,1.727,-2.988,-4.012,7.028,-6.215
3.150,1,1000.000000,-1.565,2.429,-5.095,-2.150,4.229,-6.846
3.150,2,1000000000000.000000,-0.000,-0.000,0.000,0.000,-0.000,0.000
3.150,3,1000.000000,-2.059,1.687,-2.917,-4.073,7.158,-6.095
3.160,1,1000.000000,-1.616,2.408,-5.051,-2.217,4.328,-6.719
3.160,2,1000000000000.000000,-0.000,-0.000,0.000,0.000,-0.000,0.000
3.160,3,1000.000000,-2.088,1.646,-2.844,-4.133,7.287,-5.972
3.170,1,1000.000000,-1.666,2.386,-5.007,-2.283,4.423,-6.591
3.170,2,1000000000000.000000,-0.000,-0.000,0.000,0.000,-0.000,0.000
3.170,3,1000.000000,-2.116,1.605,-2.770,-4.191,7.413,-5.846
3.180,1,1000.000000,-1.716,2.363,-4.962,-2.348,4.513,-6.462
3.180,2,1000000000000.000000,-0.000,-0.000,0.000,0.000,-0.000,0.000
3.180,3,1000.000000,-2.144,1.563,-2.694,-4.248,7.538,-5.718
3.190,1,1000.000000,-1.766,2.339,-4.916,-2.411,4.599,-6.331
3.190,2,1000000000000.000000,-0.000,-0.000,0.000,0.000,-0.000,0.000
3.190,3,1000.000000,-2.171,1.521,-2.618,-4.304,7.661,-5.586
3.200,1,1000.000000,-1.815,2.315,-4.869,-2.473,4.681,-6.200
3.200,2,1000000000000.000000,-0.000,-0.000,0.000,0.000,-0.000,0.000
3.200,3,1000.000000,-2.197,1.478,-2.540,-4.359,7.781,-5.451
3.210,1,1000.000000,-1.864,2.290,-4.822,-2.534,4.758,-6.069
3.210,2,1000000000000.000000,-0.000,-0.000,0.000,0.000,-0.000,0.000
3.210,3,1000.000000,-2.222,1.434,-2.461,-4.412,7.900,-5.314
3.220,1,1000.000000,-1.912,2.265,-4.773,-2.593,4.831,-5.937
3.220,2,1000000000000.000000,-0.000,-0.000,0.000,0.000,-0.000,0.000
3.220,3,1000.000000,-2.247,1.390,-2.381,-4.464,8.017,-5.173
3.230,1,1000.000000,-1.960,2.239,-4.724,-2.651,4.900,-5.804
3.230,2,1000000000000.000000,-0.000,-0.000,0.000,0.000,-0.000,0.000
3.230,3,1000.000000,-2.271,1.345,-2.300,-4.514,8.131,-5.030
3.240,1,1000.000000,-2.007,2.213,-4.675,-2.708,4.964,-5.672
3.240,2,1000000000000.000000,-0.000,-0.000,0.000,0.000,-0.000,0.000
3.240,3,1000.000000,-2.294,1.300,-2.217,-4.563,8.243,-4.883
3.250,1,1000.000000,-2.054,2.186,-4.624,-2.763,5.025,-5.539
3.250,2,1000000000000.000000,-0.000,-0.000,0.000,0.000,-0.000,0.000
3.250,3,1000.000000,-2.316,1.255,-2.134,-4.610,8.352,-4.734
3.260,1,1000.000000,-2.100,2.158,-4.574,-2.817,5.081,-5.407
3.260,2,1000000000000.000000,-0.000,-0.000,0.000,0.000,-0.000,0.000
3.260,3,1000.000000,-2.337,1.208,-2.049,-4.656,8.459,-4.582
3.270,1,1000.000000,-2.146,2.130,-4.522,-2.870,5.134,-5.275
3.270,2,1000000000000.000000,-0.000,-0.000,0.000,0.000,-0.000,0.000
3.270,3,1000.000000,-2.358,1.162,-1.963,-4.700,8.563,-4.427
3.280,1,1000.000000,-2.191,2.101,-4.470,-2.921,5.182,-5.144
3.280,2,1000000000000.000000,-0.000,-0.000,0.000,0.000,-0.000,0.000
3.280,3,1000.000000,-2.377,1.115,-1.877,-4.743,8.665,-4.270
3.290,1,1000.000000,-2.236,2.072,-4.418,-2.972,5.227,-5.013
3.290,2,1000000000000.000000,-0.000,-0.000,0.000,0.000,-0.000,0.000
3.290,3,1000.000000,-2.396,1.067,-1.789,-4.784,8.764,-4.110
3.300,1,1000.000000,-2.280,2.042,-4.366,-3.020,5.269,-4.883
3.300,2,1000000000000.000000,-0.000,-0.000,0.000,0.000,-0.000,0.000
3.300,3,1000.000000,-2.414,1.020,-1.701,-4.824,8.860,-3.947
3.310,1,1000.000000,-2.324,2.012,-4.312,-3.068,5.307,-4.753
3.310,2,1000000000000.000000,-0.000,-0.000,0.000,0.000,-0.000,0.000
3.310,3,1000.000000,-2.431,0.971,-1.611,-4.861,8.953,-3.781
3.320,1,1000.000000,-2.367,1.981,-4.259,-3.114,5.341,-4.625
3.320,2,1000000000000.000000,-0.000,-0.000,0.000,0.000,-0.000,0.000
3.320,3,1000.000000,-2.447,0.923,-1.521,-4.897,9.043,-3.613
3.330,1,1000.000000,-2.409,1.950,-4.205,-3.159,5.372,-4.497
3.330,2,1000000000000.000000,-0.000,-0.000,0.000,0.000,-0.000,0.000
3.330,3,1000.000000,-2.462,0.874,-1.429,-4.932,9.130,-3.443
3.340,1,1000.000000,-2.451,1.919,-4.151,-3.203,5.400,-4.371
3.340,2,1000000000000.000000,-0.000,-0.000,0.000,0.000,-0.000,0.000
3.340,3,1000.000000,-2.477,0.824,-1.337,-4.965,9.213,-3.269
3.350,1,1000.000000,-2.493,1.887,-4.097,-3.245,5.424,-4.245
3.350,2,1000000000000.000000,-0.000,-0.000,0.000,0.000,-0.000,0.000
3.350,3,1000.000000,-2.490,0.775,-1.244,-4.996,9.294,-3.094
3.360,1,1000.000000,-2.534,1.854,-4.043,-3.286,5.445,-4.121
3.360,2,1000000000000.000000,-0.000,-0.000,0.000,0.000,-0.000,0.000
3.360,3,1000.000000,-2.503,0.725,-1.150,-5.025,9.371,-2.916
3.370,1,1000.000000,-2.574,1.821,-3.988,-3.326,5.464,-3.998
3.370,2,1000000000000.000000,-0.000,-0.000,0.000,0.000,-0.000,0.000
3.370,3,1000.000000,-2.514,0.675,-1.056,-5.052,9.444,-2.736
3.380,1,1000.000000,-2.614,1.788,-3.933,-3.365,5.479,-3.877
3.380,2,1000000000000.000000,-0.000,-0.000,0.000,0.000,-0.000,0.000
3.380,3,1000.000000,-2.525,0.624,-0.961,-5.078,9.514,-2.553
3.390,1,1000.000000,-2.653,1.754,-3.878,-3.403,5.492,-3.756
3.390,2,1000000000000.000000,-0.000,-0.000,0.000,0.000,-0.000,0.000
3.390,3,1000.000000,-2.534,0.573,-0.865,-5.101,9.580,-2.368
3.400,1,1000.000000,-2.692,1.720,-3.823,-3.439,5.502,-3.638
3.400,2,1000000000000.000000,-0.000,-0.000,0.000,0.000,-0.000,0.000
3.400,3,1000.000000,-2.543,0.522,-0.769,-5.123,9.643,-2.182
3.410,1,1000.000000,-2.730,1.686,-3.768,-3.474,5.510,-3.521
3.410,2,1000000000000.000000,-0.000,-0.000,0.000,0.000,-0.000,0.000
3.410,3,1000.000000,-2.551,0.471,-0.672,-5.143,9.702,-1.993
3.420,1,1000.000000,-2.768,1.651,-3.713,-3.508,5.515,-3.405
3.420,2,1000000000000.000000,-0.000,-0.000,0.000,0.000,-0.000,0.000
3.420,3,1000.000000,-2.557,0.420,-0.574,-5.161,9.756,-1.802
3.430,1,1000.000000,-2.805,1.616,-3.658,-3.541,5.517,-3.291
3.430,2,1000000000000.000000,-0.000,-0.000,0.000,0.000,-0.000,0.000
3.430,3,1000.000000,-2.563,0.368,-0.476,-5.177,9.807,-1.609
3.440,1,1000.000000,-2.842,1.581,-3.603,-3.573,5.518,-3.179
3.440,2,1000000000000.000000,-0.000,-0.000,0.000,0.000,-0.000,0.000
3.440,3,1000.000000,-2.568,0.316,-0.377,-5.191,9.854,-1.415
3.450,1,1000.000000,-2.878,1.545,-3.548,-3.604,5.516,-3.068
3.450,2,1000000000000.000000,-0.000,-0.000,0.000,0.000,-0.000,0.000
3.450,3,1000.000000,-2.572,0.264,-0.279,-5.203,9.897,-1.219
3.460,1,1000.000000,-2.913,1.509,-3.492,-3.633,5.512,-2.959
3.460,2,1000000000000.000000,-0.000,-0.000,0.000,0.000,-0.000,0.000
3.460,3,1000.000000,-2.574,0.212,-0.179,-5.214,9.935,-1.021
3.470,1,1000.000000,-2.948,1.473,-3.437,-3.662,5.506,-2.852
3.470,2,1000000000000.000000,-0.000,-0.000,0.000,0.000,-0.000,0.000
3.470,3,1000.000000,-2.576,0.160,-0.079,-5.222,9.969,-0.822
3.480,1,1000.000000,-2.983,1.436,-3.382,-3.689,5.498,-2.746
3.480,2,1000000000000.000000,-0.000,-0.000,0.000,0.000,-0.000,0.000
3.480,3,1000.000000,-2.577,0.108,0.021,-5.228,9.999,-0.622
3.490,1,1000.000000,-3.016,1.399,-3.327,-3.716,5.488,-2.642
3.490,2,1000000000000.000000,-0.000,-0.000,0.000,0.000,-0.000,0.000
3.490,3,1000.000000,-2.577,0.056,0.121,-5.232,10.025,-0.420
3.500,1,1000.000000,-3.050,1.362,-3.273,-3.741,5.476,-2.540
3.500,2,1000000000000.000000,-0.000,-0.000,0.000,0.000,-0.000,0.000
3.500,3,1000.000000,-2.575,0.003,0.221,-5.234,10.046,-0.217
3.510,1,1000.000000,-3.082,1.324,-3.218,-3.766,5.463,-2.439
3.510,2,1000000000000.000000,-0.000,-0.000,0.000,0.000,-0.000,0.000
3.510,3,1000.000000,-2.573,-0.049,0.322,-5.235,10.062,-0.013
3.520,1,1000.000000,-3.115,1.287,-3.164,-3.789,5.448,-2.341
3.520,2,1000000000000.000000,-0.000,-0.000,0.000,0.000,-0.000,0.000
3.520,3,1000.000000,-2.570,-0.101,0.423,-5.233,10.074,0.192
3.530,1,1000.000000,-3.146,1.249,-3.109,-3.811,5.431,-2.244
3.530,2,1000000000000.000000,-0.000,-0.000,-0.000,0.000,-0.000,0.000
3.530,3,1000.000000,-2.566,-0.154,0.523,-5.229,10.081,0.397
3.540,1,1000.000000,-3.177,1.211,-3.055,-3.833,5.414,-2.149
3.540,2,1000000000000.000000,-0.000,-0.000,-0.000,0.000,-0.000,0.000
3.540,3,1000.000000,-2.561,-0.206,0.624,-5.223,10.084,0.604
3.550,1,1000.000000,-3.208,1.172,-3.001,-3.853,5.394,-2.056
3.550,2,1000000000000.000000,-0.000,-0.000,-0.000,0.000,-0.000,0.000
3.550,3,1000.000000,-2.554,-0.258,0.725,-5.215,10.081,0.811
3.560,1,1000.000000,-3.238,1.134,-2.947,-3.873,5.374,-1.964
3.560,2,1000000000000.000000,-0.000,-0.000,-0.000,0.000,-0.000,0.000
3.560,3,1000.000000,-2.547,-0.310,0.826,-5.204,10.074,1.018
3.570,1,1000.000000,-3.267,1.095,-2.894,-3.892,5.352,-1.874
3.570,2,1000000000000.000000,-0.000,-0.000,-0.000,0.000,-0.000,0.000
3.570,3,1000.000000,-2.539,-0.362,0.926,-5.192,10.063,1.226
3.580,1,1000.000000,-3.296,1.056,-2.841,-3.910,5.329,-1.786
3.580,2,1000000000000.000000,-0.000,-0.000,-0.000,0.000,-0.000,0.000
3.580,3,1000.000000,-2.530,-0.414,1.027,-5.178,10.046,1.434
3.590,1,1000.000000,-3.325,1.017,-2.788,-3.927,5.305,-1.700
3.590,2,1000000000000.000000,-0.000,-0.000,-0.000,0.000,-0.000,-0.000
3.590,3,1000.000000,-2.519,-0.466,1.127,-5.161,10.025,1.642
3.600,1,1000.000000,-3.353,0.978,-2.735,-3.943,5.279,-1.615
3.600,2,1000000000000.000000,-0.000,-0.000,-0.000,0.000,-0.000,-0.000
3.600,3,1000.000000,-2.508,-0.518,1.227,-5.143,9.998,1.850
3.610,1,1000.000000,-3.380,0.939,-2.682,-3.958,5.253,-1.532
3.610,2,1000000000000.000000,-0.000,-0.000,-0.000,0.000,-0.000,-0.000
3.610,3,1000.000000,-2.496,-0.569,1.327,-5.122,9.967,2.057
3.620,1,1000.000000,-3.407,0.899,-2.630,-3.973,5.226,-1.451
3.620,2,1000000000000.000000,-0.000,-0.000,-0.000,0.000,-0.000,-0.000
3.620,3,1000.000000,-2.483,-0.620,1.426,-5.100,9.931,2.264
3.630,1,1000.000000,-3.433,0.859,-2.578,-3.986,5.198,-1.372
3.630,2,1000000000000.000000,-0.000,-0.000,-0.000,0.000,-0.000,-0.000
3.630,3,1000.000000,-2.468,-0.671,1.525,-5.075,9.889,2.471
3.640,1,1000.000000,-3.459,0.819,-2.526,-3.999,5.170,-1.294
3.640,2,1000000000000.000000,-0.000,-0.000,-0.000,0.000,-0.000,-0.000
3.640,3,1000.000000,-2.453,-0.722,1.623,-5.048,9.843,2.677
3.650,1,1000.000000,-3.484,0.779,-2.475,-4.012,5.140,-1.218
3.650,2,1000000000000.000000,-0.000,-0.000,-0.000,0.000,-0.000,-0.000
3.650,3,1000.000000,-2.437,-0.773,1.721,-5.019,9.792,2.882
3.660,1,1000.000000,-3.509,0.739,-2.424,-4.023,5.110,-1.143
3.660,2,1000000000000.000000,-0.000,-0.000,-0.000,0.000,-0.000,-0.000
3.660,3,1000.000000,-2.420,-0.823,1.819,-4.988,9.736,3.087
3.670,1,1000.000000,-3.533,0.699,-2.373,-4.034,5.079,-1.070
3.670,2,1000000000000.000000,-0.000,-0.000,-0.000,0.000,-0.000,-0.000
3.670,3,1000.000000,-2.401,-0.873,1.915,-4.956,9.675,3.290
3.680,1,1000.000000,-3.557,0.659,-2.323,-4.044,5.047,-0.999
3.680,2,1000000000000.000000,-0.000,-0.000,-0.000,0.000,-0.000,-0.000
3.680,3,1000.000000,-2.382,-0.922,2.012,-4.921,9.609,3.492
3.690,1,1000.000000,-3.580,0.618,-2.272,-4.053,5.015,-0.929
3.690,2,1000000000000.000000,-0.000,-0.000,-0.000,0.000,-0.000,-0.000
3.690,3,1000.000000,-2.362,-0.971,2.107,-4.884,9.539,3.693
3.700,1,1000.000000,-3.603,0.578,-2.223,-4.062,4.983,-0.860
3.700,2,1000000000000.000000,-0.000,-0.000,-0.000,0.000,-0.000,-0.000
3.700,3,1000.000000,-2.341,-1.020,2.202,-4.845,9.463,3.892
3.710,1,1000.000000,-3.625,0.537,-2.173,-4.069,4.950,-0.794
3.710,2,1000000000000.000000,-0.000,-0.000,-0.000,0.000,-0.000,-0.000
3.710,3,1000.000000,-2.319,-1.069,2.295,-4.804,9.382,4.089
3.720,1,1000.000000,-3.647,0.496,-2.124,-4.077,4.916,-0.728
3.720,2,1000000000000.000000,-0.000,-0.000,-0.000,0.000,-0.000,-0.000
3.720,3,1000.000000,-2.296,-1.117,2.388,-4.761,9.297,4.284
3.730,1,1000.000000,-3.668,0.456,-2.075,-4.083,4.882,-0.665
3.730,2,1000000000000.000000,-0.000,-0.000,-0.000,0.000,-0.000,-0.000
3.730,3,1000.000000,-2.272,-1.164,2.480,-4.716,9.207,4.478
3.740,1,1000.000000,-3.689,0.415,-2.027,-4.089,4.848,-0.602
3.740,2,1000000000000.000000,-0.000,-0.000,-0.000,0.000,-0.000,-0.000
3.740,3,1000.000000,-2.247,-1.211,2.572,-4.670,9.112,4.670
3.750,1,1000.000000,-3.709,0.374,-1.979,-4.095,4.813,-0.541
3.750,2,1000000000000.000000,-0.000,-0.000,-0.000,0.000,-0.000,-0.000
3.750,3,1000.000000,-2.222,-1.258,2.662,-4.621,9.013,4.859
3.760,1,1000.000000,-3.729,0.333,-1.931,-4.100,4.779,-0.482
3.760,2,1000000000000.000000,-0.000,-0.000,-0.000,0.000,-0.000,-0.000
3.760,3,1000.000000,-2.195,-1.304,2.751,-4.571,8.909,5.046
3.770,1,1000.000000,-3.748,0.292,-1.883,-4.104,4.743,-0.424
3.770,2,1000000000000.000000,-0.000,-0.000,-0.000,0.000,-0.000,-0.000
3.770,3,1000.000000,-2.168,-1.350,2.839,-4.518,8.801,5.230
3.780,1,1000.000000,-3.767,0.251,-1.836,-4.108,4.708,-0.367
3.780,2,1000000000000.000000,-0.000,-0.000,-0.000,0.000,-0.000,-0.000
3.780,3,1000.000000,-2.139,-1.395,2.926,-4.464,8.688,5.411
3.790,1,1000.000000,-3.785,0.210,-1.790,-4.111,4.672,-0.311
3.790,2,1000000000000.000000,-0.000,-0.000,-0.000,0.000,-0.000,-0.000
3.790,3,1000.000000,-2.110,-1.440,3.011,-4.408,8.570,5.590
3.800,1,1000.000000,-3.803,0.169,-1.743,-4.113,4.637,-0.257
3.800,2,1000000000000.000000,-0.000,-0.000,-0.000,0.000,-0.000,-0.000
3.800,3,1000.000000,-2.080,-1.484,3.096,-4.351,8.449,5.766
3.810,1,1000.000000,-3.821,0.128,-1.697,-4.115,4.601,-0.204
3.810,2,1000000000000.000000,-0.000,-0.000,-0.000,0.000,-0.000,-0.000
3.810,3,1000.000000,-2.049,-1.528,3.179,-4.291,8.323,5.939
3.820,1,1000.000000,-3.838,0.086,-1.651,-4.117,4.565,-0.152
3.820,2,1000000000000.000000,-0.000,-0.000,-0.000,0.000,-0.000,-0.000
3.820,3,1000.000000,-2.017,-1.570,3.261,-4.230,8.193,6.108
3.830,1,1000.000000,-3.854,0.045,-1.606,-4.118,4.528,-0.102
3.830,2,1000000000000.000000,-0.000,-0.000,-0.000,0.000,-0.000,-0.000
3.830,3,1000.000000,-1.984,-1.613,3.342,-4.167,8.059,6.275
3.840,1,1000.000000,-3.870,0.004,-1.561,-4.118,4.492,-0.053
3.840,2,1000000000000.000000,-0.000,-0.000,-0.000,0.000,-0.000,-0.000
3.840,3,1000.000000,-1.951,-1.654,3.421,-4.103,7.921,6.438
3.850,1,1000.000000,-3.886,-0.037,-1.517,-4.118,4.456,-0.005
3.850,2,1000000000000.000000,-0.000,-0.000,-0.000,0.000,-0.000,-0.000
3.850,3,1000.000000,-1.917,-1.695,3.499,-4.037,7.780,6.597
3.860,1,1000.000000,-3.901,-0.078,-1.473,-4.118,4.420,0.042
3.860,2,1000000000000.000000,-0.000,-0.000,-0.000,0.000,-0.000,-0.000
3.860,3,1000.000000,-1.882,-1.736,3.575,-3.970,7.634,6.753
3.870,1,1000.000000,-3.916,-0.119,-1.429,-4.117,4.383,0.088
3.870,2,1000000000000.000000,-0.000,-0.000,-0.000,0.000,-0.000,-0.000
3.870,3,1000.000000,-1.846,-1.776,3.650,-3.900,7.485,6.904
3.880,1,1000.000000,-3.930,-0.161,-1.385,-4.116,4.347,0.133
3.880,2,1000000000000.000000,-0.000,-0.000,-0.000,0.000,-0.000,-0.000
3.880,3,1000.000000,-1.810,-1.815,3.723,-3.830,7.333,7.052
3.890,1,1000.000000,-3.944,-0.202,-1.342,-4.114,4.311,0.176
3.890,2,1000000000000.000000,-0.000,-0.000,-0.000,0.000,-0.000,-0.000
3.890,3,1000.000000,-1.772,-1.853,3.795,-3.758,7.177,7.197
3.900,1,1000.000000,-3.957,-0.243,-1.299,-4.112,4.274,0.219
3.900,2,1000000000000.000000,-0.000,-0.000,-0.000,0.000,-0.000,-0.000
3.900,3,1000.000000,-1.734,-1.890,3.865,-3.685,7.018,7.337
3.910,1,1000.000000,-3.970,-0.284,-1.257,-4.109,4.238,0.260
3.910,2,1000000000000.000000,-0.000,-0.000,-0.000,0.000,-0.000,-0.000
3.910,3,1000.000000,-1.696,-1.927,3.934,-3.610,6.856,7.472
3.920,1,1000.000000,-3.983,-0.325,-1.215,-4.106,4.202,0.301
3.920,2,1000000000000.000000,-0.000,-0.000,-0.000,0.000,-0.000,-0.000
3.920,3,1000.000000,-1.656,-1.963,4.001,-3.534,6.691,7.604
3.930,1,1000.000000,-3.995,-0.366,-1.173,-4.103,4.166,0.340
3.930,2,1000000000000.000000,-0.000,-0.000,-0.000,0.000,-0.000,-0.000
3.930,3,1000.000000,-1.616,-1.999,4.066,-3.457,6.523,7.731
3.940,1,1000.000000,-4.007,-0.407,-1.132,-4.099,4.130,0.379
3.940,2,1000000000000.000000,-0.000,-0.000,-0.000,0.000,-0.000,-0.000
3.940,3,1000.000000,-1.576,-2.033,4.129,-3.378,6.352,7.854
3.950,1,1000.000000,-4.018,-0.448,-1.091,-4.095,4.094,0.416
3.950,2,1000000000000.000000,-0.000,-0.000,-0.000,0.000,-0.000,-0.000
3.950,3,1000.000000,-1.534,-2.067,4.191,-3.298,6.179,7.973
3.960,1,1000.000000,-4.029,-0.489,-1.051,-4.090,4.058,0.453
3.960,2,1000000000000.000000,-0.000,-0.000,-0.000,0.000,-0.000,-0.000
3.960,3,1000.000000,-1.493,-2.100,4.251,-3.217,6.003,8.087
3.970,1,1000.000000,-4.039,-0.530,-1.010,-4.085,4.022,0.488
3.970,2,1000000000000.000000,-0.000,-0.000,-0.000,0.000,-0.000,-0.000
3.970,3,1000.000000,-1.450,-2.132,4.309,-3.135,5.825,8.196
3.980,1,1000.000000,-4.050,-0.571,-0.970,-4.080,3.987,0.523
3.980,2,1000000000000.000000,-0.000,-0.000,-0.000,0.000,-0.000,-0.000
3.980,3,1000.000000,-1.407,-2.164,4.366,-3.052,5.645,8.301
3.990,1,1000.000000,-4.059,-0.612,-0.931,-4.075,3.952,0.557
3.990,2,1000000000000.000000,-0.000,-0.000,-0.000,0.000,-0.000,-0.000
3.990,3,1000.000000,-1.363,-2.194,4.420,-2.968,5.463,8.401
4.000,1,1000.000000,-4.069,-0.652,-0.892,-4.069,3.916,0.590
4.000,2,1000000000000.000000,-0.000,0.000,-0.000,0.000,-0.000,-0.000
4.000,3,1000.000000,-1.319,-2.224,4.473,-2.883,5.279,8.496
4.010,1,1000.000000,-4.078,-0.693,-0.853,-4.063,3.881,0.622
4.010,2,1000000000000.000000,-0.000,0.000,-0.000,0.000,-0.000,-0.000
4.010,3,1000.000000,-1.274,-2.253,4.524,-2.798,5.094,8.587
4.020,1,1000.000000,-4.086,-0.734,-0.814,-4.056,3.846,0.654
4.020,2,1000000000000.000000,-0.000,0.000,-0.000,0.000,-0.000,-0.000
4.020,3,1000.000000,-1.229,-2.281,4.573,-2.711,4.906,8.673
4.030,1,1000.000000,-4.094,-0.774,-0.776,-4.049,3.812,0.685
4.030,2,1000000000000.000000,-0.000,0.000,-0.000,0.000,-0.000,-0.000
4.030,3,1000.000000,-1.183,-2.308,4.620,-2.623,4.718,8.754
4.040,1,1000.000000,-4.102,-0.815,-0.739,-4.042,3.777,0.714
4.040,2,1000000000000.000000,-0.000,0.000,-0.000,0.000,-0.000,-0.000
4.040,3,1000.000000,-1.137,-2.334,4.666,-2.535,4.528,8.830
4.050,1,1000.000000,-4.109,-0.855,-0.701,-4.035,3.743,0.744
4.050,2,1000000000000.000000,-0.000,0.000,-0.000,0.000,-0.000,-0.000
4.050,3,1000.000000,-1.090,-2.359,4.709,-2.446,4.337,8.902
4.060,1,1000.000000,-4.116,-0.896,-0.664,-4.027,3.709,0.772
4.060,2,1000000000000.000000,-0.000,0.000,-0.000,0.000,-0.000,-0.000
4.060,3,1000.000000,-1.043,-2.384,4.751,-2.356,4.145,8.969
4.070,1,1000.000000,-4.123,-0.936,-0.627,-4.019,3.675,0.800
4.070,2,1000000000000.000000,-0.000,0.000,-0.000,0.000,-0.000,-0.000
4.070,3,1000.000000,-0.996,-2.407,4.790,-2.266,3.953,9.030
4.080,1,1000.000000,-4.129,-0.976,-0.591,-4.011,3.641,0.827
4.080,2,1000000000000.000000,-0.000,0.000,-0.000,0.000,-0.000,-0.000
4.080,3,1000.000000,-0.948,-2.430,4.828,-2.175,3.759,9.087
4.090,1,1000.000000,-4.135,-1.016,-0.555,-4.002,3.608,0.853
4.090,2,1000000000000.000000,-0.000,0.000,-0.000,0.000,-0.000,-0.000
4.090,3,1000.000000,-0.900,-2.452,4.863,-2.084,3.566,9.140
4.100,1,1000.000000,-4.141,-1.056,-0.519,-3.993,3.575,0.878
4.100,2,1000000000000.000000,-0.000,0.000,-0.000,0.000,-0.000,-0.000
4.100,3,1000.000000,-0.851,-2.473,4.897,-1.992,3.371,9.187
4.110,1,1000.000000,-4.146,-1.096,-0.484,-3.984,3.542,0.903
4.110,2,1000000000000.000000,-0.000,0.000,-0.000,0.000,-0.000,-0.000
4.110,3,1000.000000,-0.802,-2.492,4.929,-1.900,3.177,9.230
4.120,1,1000.000000,-4.151,-1.136,-0.449,-3.975,3.509,0.928
4.120,2,1000000000000.000000,-0.000,0.000,-0.000,0.000,-0.000,-0.000
4.120,3,1000.000000,-0.753,-2.511,4.959,-1.807,2.982,9.267
4.130,1,1000.000000,-4.155,-1.176,-0.414,-3.965,3.476,0.951
4.130,2,1000000000000.000000,-0.000,0.000,-0.000,0.000,-0.000,-0.000
4.130,3,1000.000000,-0.703,-2.529,4.986,-1.714,2.788,9.301
4.140,1,1000.000000,-4.159,-1.215,-0.379,-3.956,3.444,0.974
4.140,2,1000000000000.000000,-0.000,0.000,-0.000,0.000,-0.000,-0.000
4.140,3,1000.000000,-0.653,-2.547,5.012,-1.621,2.594,9.329
4.150,1,1000.000000,-4.163,-1.255,-0.345,-3.946,3.412,0.997
4.150,2,1000000000000.000000,-0.000,0.000,-0.000,0.000,-0.000,-0.000
4.150,3,1000.000000,-0.603,-2.563,5.036,-1.527,2.400,9.353
4.160,1,1000.000000,-4.167,-1.294,-0.311,-3.936,3.380,1.019
4.160,2,1000000000000.000000,-0.000,0.000,-0.000,0.000,-0.000,-0.000
4.160,3,1000.000000,-0.553,-2.578,5.058,-1.433,2.206,9.372
4.170,1,1000.000000,-4.170,-1.334,-0.278,-3.925,3.348,1.040
4.170,2,1000000000000.000000,-0.000,0.000,-0.000,0.000,-0.000,-0.000
4.170,3,1000.000000,-0.502,-2.592,5.079,-1.339,2.013,9.387
4.180,1,1000.000000,-4.172,-1.373,-0.245,-3.915,3.317,1.061
4.180,2,1000000000000.000000,-0.000,0.000,-0.000,0.000,-0.000,-0.000
4.180,3,1000.000000,-0.452,-2.606,5.097,-1.246,1.821,9.397
4.190,1,1000.000000,-4.175,-1.412,-0.212,-3.904,3.286,1.081
4.190,2,1000000000000.000000,-0.000,0.000,-0.000,0.000,-0.000,-0.000
4.190,3,1000.000000,-0.401,-2.618,5.113,-1.151,1.629,9.402
4.200,1,1000.000000,-4.177,-1.451,-0.179,-3.893,3.255,1.101
4.200,2,1000000000000.000000,-0.000,0.000,-0.000,0.000,-0.000,-0.000
4.200,3,1000.000000,-0.349,-2.630,5.127,-1.057,1.439,9.404
4.210,1,1000.000000,-4.179,-1.490,-0.147,-3.882,3.224,1.120
4.210,2,1000000000000.000000,-0.000,0.000,-0.000,0.000,-0.000,-0.000
4.210,3,1000.000000,-0.298,-2.640,5.140,-0.963,1.249,9.401
4.220,1,1000.000000,-4.180,-1.529,-0.115,-3.870,3.194,1.139
4.220,2,1000000000000.000000,-0.000,0.000,-0.000,0.000,-0.000,-0.000
4.220,3,1000.000000,-0.247,-2.650,5.151,-0.870,1.061,9.393
4.230,1,1000.000000,-4.181,-1.568,-0.084,-3.859,3.164,1.157
4.230,2,1000000000000.000000,-0.000,0.000,-0.000,0.000,-0.000,-0.000
4.230,3,1000.000000,-0.195,-2.659,5.159,-0.776,0.874,9.382
4.240,1,1000.000000,-4.182,-1.606,-0.052,-3.847,3.134,1.175
4.240,2,1000000000000.000000,-0.000,0.000,-0.000,0.000,-0.000,-0.000
4.240,3,1000.000000,-0.144,-2.666,5.166,-0.682,0.688,9.366
4.250,1,1000.000000,-4.183,-1.645,-0.021,-3.835,3.104,1.192
4.250,2,1000000000000.000000,-0.000,0.000,-0.000,0.000,-0.000,-0.000
4.250,3,1000.000000,-0.092,-2.673,5.171,-0.589,0.503,9.346
4.260,1,1000.000000,-4.183,-1.683,0.010,-3.823,3.075,1.209
4.260,2,1000000000000.000000,-0.000,0.000,-0.000,0.000,-0.000,-0.000
4.260,3,1000.000000,-0.040,-2.679,5.174,-0.495,0.321,9.323
4.270,1,1000.000000,-4.183,-1.721,0.040,-3.811,3.046,1.225
4.270,2,1000000000000.000000,-0.000,0.000,-0.000,0.000,-0.000,-0.000
4.270,3,1000.000000,0.011,-2.684,5.176,-0.402,0.140,9.295
4.280,1,1000.000000,-4.183,-1.759,0.070,-3.798,3.017,1.241
4.280,2,1000000000000.000000,-0.000,0.000,-0.000,0.000,-0.000,-0.000
4.280,3,1000.000000,0.063,-2.688,5.175,-0.310,-0.040,9.264
4.290,1,1000.000000,-4.182,-1.797,0.100,-3.786,2.988,1.257
4.290,2,1000000000000.000000,-0.000,0.000,-0.000,0.000,-0.000,-0.000
4.290,3,1000.000000,0.115,-2.691,5.173,-0.217,-0.217,9.229
4.300,1,1000.000000,-4.181,-1.835,0.130,-3.773,2.960,1.272
4.300,2,1000000000000.000000,-0.000,0.000,-0.000,0.000,-0.000,-0.000
4.300,3,1000.000000,0.167,-2.693,5.169,-0.126,-0.393,9.190
4.310,1,1000.000000,-4.180,-1.873,0.159,-3.760,2.931,1.287
4.310,2,1000000000000.000000,-0.000,0.000,-0.000,0.000,-0.000,-0.000
4.310,3,1000.000000,0.218,-2.695,5.164,-0.034,-0.566,9.148
4.320,1,1000.000000,-4.178,-1.911,0.188,-3.747,2.904,1.301
4.320,2,1000000000000.000000,-0.000,0.000,-0.000,0.000,-0.000,-0.000
4.320,3,1000.000000,0.270,-2.695,5.156,0.057,-0.738,9.102
4.330,1,1000.000000,-4.176,-1.948,0.217,-3.734,2.876,1.315
4.330,2,1000000000000.000000,-0.000,0.000,-0.000,0.000,-0.000,-0.000
4.330,3,1000.000000,0.322,-2.694,5.147,0.147,-0.907,9.053
4.340,1,1000.000000,-4.174,-1.985,0.245,-3.721,2.848,1.329
4.340,2,1000000000000.000000,-0.000,0.000,-0.000,0.000,-0.000,-0.000
4.340,3,1000.000000,0.373,-2.693,5.136,0.237,-1.074,9.000
4.350,1,1000.000000,-4.171,-2.023,0.273,-3.707,2.821,1.342
4.350,2,1000000000000.000000,-0.000,0.000,-0.000,0.000,-0.000,-0.000
4.350,3,1000.000000,0.424,-2.691,5.124,0.327,-1.239,8.944
4.360,1,1000.000000,-4.169,-2.060,0.301,-3.694,2.794,1.355
4.360,2,1000000000000.000000,-0.000,0.000,-0.000,0.000,-0.000,-0.000
4.360,3,1000.000000,0.476,-2.687,5.110,0.416,-1.402,8.886
4.370,1,1000.000000,-4.166,-2.097,0.329,-3.680,2.768,1.367
4.370,2,1000000000000.000000,-0.000,0.000,-0.000,0.000,-0.000,-0.000
4.370,3,1000.000000,0.527,-2.683,5.094,0.504,-1.562,8.824
4.380,1,1000.000000,-4.162,-2.133,0.357,-3.666,2.741,1.380
4.380,2,1000000000000.000000,-0.000,0.000,-0.000,0.000,-0.000,-0.000
4.380,3,1000.000000,0.578,-2.678,5.077,0.592,-1.720,8.759
4.390,1,1000.000000,-4.159,-2.170,0.384,-3.652,2.715,1.392
4.390,2,1000000000000.000000,-0.000,0.000,-0.000,0.000,-0.000,-0.000
4.390,3,1000.000000,0.629,-2.672,5.058,0.679,-1.875,8.692
4.400,1,1000.000000,-4.155,-2.207,0.411,-3.638,2.689,1.403
4.400,2,1000000000000.000000,-0.000,0.000,-0.000,0.000,-0.000,-0.000
4.400,3,1000.000000,0.679,-2.665,5.038,0.765,-2.028,8.622
4.410,1,1000.000000,-4.151,-2.243,0.437,-3.624,2.663,1.414
4.410,2,1000000000000.000000,-0.000,0.000,-0.000,0.000,-0.000,-0.000
4.410,3,1000.000000,0.729,-2.658,5.016,0.850,-2.178,8.549
4.420,1,1000.000000,-4.147,-2.279,0.464,-3.610,2.638,1.425
4.420,2,1000000000000.000000,-0.000,0.000,-0.000,0.000,-0.000,-0.000
4.420,3,1000.000000,0.780,-2.649,4.993,0.935,-2.326,8.473
4.430,1,1000.000000,-4.142,-2.315,0.490,-3.595,2.613,1.436
4.430,2,1000000000000.000000,-0.000,0.000,-0.000,0.000,-0.000,-0.000
4.430,3,1000.000000,0.830,-2.640,4.968,1.019,-2.471,8.395
4.440,1,1000.000000,-4.137,-2.351,0.516,-3.581,2.587,1.446
4.440,2,1000000000000.000000,-0.000,0.000,-0.000,0.000,0.000,-0.000
4.440,3,1000.000000,0.879,-2.630,4.942,1.102,-2.613,8.315
4.450,1,1000.000000,-4.132,-2.387,0.541,-3.566,2.563,1.456
4.450,2,1000000000000.000000,-0.000,0.000,-0.000,0.000,0.000,-0.000
4.450,3,1000.000000,0.929,-2.619,4.915,1.184,-2.753,8.233
4.460,1,1000.000000,-4.126,-2.423,0.567,-3.552,2.538,1.466
4.460,2,1000000000000.000000,-0.000,0.000,-0.000,0.000,0.000,-0.000
4.460,3,1000.000000,0.978,-2.607,4.886,1.266,-2.890,8.148
4.470,1,1000.000000,-4.121,-2.458,0.592,-3.537,2.514,1.476
4.470,2,1000000000000.000000,-0.000,0.000,-0.000,0.000,0.000,-0.000
4.470,3,1000.000000,1.027,-2.594,4.856,1.346,-3.024,8.061
4.480,1,1000.000000,-4.115,-2.494,0.617,-3.522,2.490,1.485
4.480,2,1000000000000.000000,-0.000,0.000,-0.000,0.000,0.000,-0.000
4.480,3,1000.000000,1.075,-2.581,4.824,1.426,-3.155,7.973
4.490,1,1000.000000,-4.109,-2.529,0.641,-3.507,2.466,1.494
4.490,2,1000000000000.000000,-0.000,0.000,-0.000,0.000,0.000,-0.000
4.490,3,1000.000000,1.123,-2.566,4.791,1.505,-3.284,7.882
4.500,1,1000.000000,-4.102,-2.564,0.666,-3.492,2.442,1.503
4.500,2,1000000000000.000000,-0.000,0.000,-0.000,0.000,0.000,-0.000
4.500,3,1000.000000,1.171,-2.551,4.757,1.583,-3.410,7.790
4.510,1,1000.000000,-4.096,-2.599,0.690,-3.477,2.419,1.512
4.510,2,1000000000000.000000,-0.000,0.000,-0.000,0.000,0.000,-0.000
4.510,3,1000.000000,1.219,-2.536,4.722,1.660,-3.533,7.695
4.520,1,1000.000000,-4.089,-2.634,0.714,-3.462,2.395,1.520
4.520,2,1000000000000.000000,-0.000,0.000,-0.000,0.000,0.000,-0.000
4.520,3,1000.000000,1.266,-2.519,4.685,1.736,-3.653,7.600
4.530,1,1000.000000,-4.082,-2.668,0.738,-3.447,2.372,1.528
4.530,2,1000000000000.000000,-0.000,0.000,-0.000,0.000,0.000,-0.000
4.530,3,1000.000000,1.313,-2.502,4.648,1.811,-3.771,7.502
4.540,1,1000.000000,-4.074,-2.703,0.761,-3.431,2.349,1.536
4.540,2,1000000000000.000000,-0.000,0.000,-0.000,0.000,0.000,-0.000
4.540,3,1000.000000,1.360,-2.484,4.609,1.885,-3.886,7.403
4.550,1,1000.000000,-4.067,-2.737,0.784,-3.416,2.327,1.543
4.550,2,1000000000000.000000,-0.000,0.000,-0.000,0.000,0.000,-0.000
4.550,3,1000.000000,1.406,-2.465,4.569,1.958,-3.998,7.303
4.560,1,1000.000000,-4.059,-2.771,0.807,-3.400,2.304,1.551
4.560,2,1000000000000.000000,-0.000,0.000,-0.000,0.000,0.000,-0.000
4.560,3,1000.000000,1.451,-2.445,4.528,2.030,-4.107,7.202
4.570,1,1000.000000,-4.051,-2.805,0.830,-3.385,2.282,1.558
4.570,2,1000000000000.000000,-0.000,0.000,-0.000,0.000,0.000,-0.000
4.570,3,1000.000000,1.497,-2.425,4.486,2.101,-4.214,7.099
4.580,1,1000.000000,-4.042,-2.839,0.853,-3.369,2.260,1.565
4.580,2,1000000000000.000000,-0.000,0.000,-0.000,0.000,0.000,-0.000
4.580,3,1000.000000,1.541,-2.404,4.442,2.171,-4.317,6.995
4.590,1,1000.000000,-4.034,-2.873,0.875,-3.353,2.238,1.572
4.590,2,1000000000000.000000,-0.000,0.000,-0.000,0.000,0.000,-0.000
4.590,3,1000.000000,1.586,-2.382,4.398,2.240,-4.418,6.890
4.600,1,1000.000000,-4.025,-2.906,0.897,-3.337,2.217,1.579
4.600,2,1000000000000.000000,-0.000,0.000,-0.000,0.000,0.000,-0.000
4.600,3,1000.000000,1.630,-2.360,4.353,2.308,-4.516,6.784
4.610,1,1000.000000,-4.016,-2.940,0.919,-3.322,2.195,1.585
4.610,2,1000000000000.000000,-0.000,0.000,-0.000,0.000,0.000,-0.000
4.610,3,1000.000000,1.673,-2.337,4.307,2.374,-4.612,6.677
4.620,1,1000.000000,-4.007,-2.973,0.941,-3.306,2.174,1.591
4.620,2,1000000000000.000000,-0.000,0.000,-0.000,0.000,0.000,-0.000
4.620,3,1000.000000,1.716,-2.313,4.260,2.440,-4.705,6.569
4.630,1,1000.000000,-3.998,-3.006,0.963,-3.290,2.153,1.598
4.630,2,1000000000000.000000,-0.000,0.000,-0.000,0.000,0.000,-0.000
4.630,3,1000.000000,1.759,-2.288,4.212,2.505,-4.795,6.461
4.640,1,1000.000000,-3.988,-3.039,0.984,-3.274,2.133,1.603
4.640,2,1000000000000.000000,-0.000,0.000,-0.000,0.000,0.000,-0.000
4.640,3,1000.000000,1.801,-2.263,4.163,2.568,-4.882,6.352
4.650,1,1000.000000,-3.978,-3.071,1.005,-3.258,2.112,1.609
4.650,2,1000000000000.000000,-0.000,0.000,-0.000,0.000,0.000,-0.000
4.650,3,1000.000000,1.843,-2.238,4.113,2.631,-4.967,6.242
4.660,1,1000.000000,-3.968,-3.104,1.026,-3.241,2.091,1.615
4.660,2,1000000000000.000000,-0.000,0.000,-0.000,0.000,0.000,-0.000
4.660,3,1000.000000,1.884,-2.211,4.063,2.692,-5.049,6.131
4.670,1,1000.000000,-3.958,-3.136,1.047,-3.225,2.071,1.620
4.670,2,1000000000000.000000,-0.000,0.000,-0.000,0.000,0.000,-0.000
4.670,3,1000.000000,1.925,-2.185,4.012,2.752,-5.128,6.020
4.680,1,1000.000000,-3.947,-3.169,1.067,-3.209,2.051,1.626
4.680,2,1000000000000.000000,-0.000,0.000,-0.000,0.000,0.000,-0.000
4.680,3,1000.000000,1.965,-2.157,3.960,2.811,-5.205,5.908
4.690,1,1000.000000,-3.937,-3.201,1.087,-3.193,2.031,1.631
4.690,2,1000000000000.000000,-0.000,0.000,-0.000,0.000,0.000,-0.000
4.690,3,1000.000000,2.004,-2.129,3.907,2.869,-5.280,5.796
4.700,1,1000.000000,-3.926,-3.233,1.108,-3.176,2.012,1.636
4.700,2,1000000000000.000000,-0.000,0.000,-0.000,0.000,0.000,-0.000
4.700,3,1000.000000,2.043,-2.100,3.853,2.926,-5.351,5.684
4.710,1,1000.000000,-3.915,-3.264,1.127,-3.160,1.992,1.641
4.710,2,1000000000000.000000,-0.000,0.000,-0.000,0.000,0.000,-0.000
4.710,3,1000.000000,2.082,-2.071,3.799,2.982,-5.421,5.572
4.720,1,1000.000000,-3.903,-3.296,1.147,-3.143,1.973,1.645
4.720,2,1000000000000.000000,-0.000,0.000,-0.000,0.000,0.000,-0.000
4.720,3,1000.000000,2.120,-2.041,3.744,3.036,-5.487,5.459
4.730,1,1000.000000,-3.892,-3.328,1.167,-3.127,1.954,1.650
4.730,2,1000000000000.000000,-0.000,0.000,-0.000,0.000,0.000,-0.000
4.730,3,1000.000000,2.157,-2.011,3.689,3.090,-5.552,5.346
4.740,1,1000.000000,-3.880,-3.359,1.186,-3.110,1.935,1.654
4.740,2,1000000000000.000000,-0.000,0.000,-0.000,-0.000,0.000,-0.000
4.740,3,1000.000000,2.194,-1.980,3.633,3.142,-5.614,5.232
4.750,1,1000.000000,-3.868,-3.390,1.205,-3.094,1.916,1.659
4.750,2,1000000000000.000000,-0.000,0.000,-0.000,-0.000,0.000,-0.000
4.750,3,1000.000000,2.231,-1.948,3.576,3.193,-5.673,5.119
4.760,1,1000.000000,-3.856,-3.421,1.224,-3.077,1.897,1.663
4.760,2,1000000000000.000000,-0.000,0.000,-0.000,-0.000,0.000,-0.000
4.760,3,1000.000000,2.266,-1.917,3.519,3.243,-5.731,5.006
4.770,1,1000.000000,-3.844,-3.452,1.243,-3.061,1.879,1.667
4.770,2,1000000000000.000000,-0.000,0.000,-0.000,-0.000,0.000,-0.000
4.770,3,1000.000000,2.301,-1.884,3.461,3.292,-5.785,4.892
4.780,1,1000.000000,-3.832,-3.482,1.262,-3.044,1.861,1.671
4.780,2,1000000000000.000000,-0.000,0.000,-0.000,-0.000,0.000,-0.000
4.780,3,1000.000000,2.336,-1.851,3.402,3.340,-5.838,4.779
4.790,1,1000.000000,-3.819,-3.513,1.280,-3.027,1.843,1.674
4.790,2,1000000000000.000000,-0.000,0.000,-0.000,-0.000,0.000,-0.000
4.790,3,1000.000000,2.370,-1.818,3.343,3.387,-5.888,4.666
4.800,1,1000.000000,-3.806,-3.543,1.298,-3.010,1.825,1.678
4.800,2,1000000000000.000000,-0.000,0.000,-0.000,-0.000,0.000,-0.000
4.800,3,1000.000000,2.404,-1.784,3.284,3.432,-5.936,4.553
4.810,1,1000.000000,-3.793,-3.573,1.316,-2.994,1.807,1.682
4.810,2,1000000000000.000000,-0.000,0.000,-0.000,-0.000,0.000,-0.000
4.810,3,1000.000000,2.436,-1.750,3.224,3.477,-5.982,4.440
4.820,1,1000.000000,-3.780,-3.603,1.334,-2.977,1.789,1.685
4.820,2,1000000000000.000000,-0.000,0.000,-0.000,-0.000,0.000,-0.000
4.820,3,1000.000000,2.469,-1.715,3.164,3.520,-6.026,4.327
4.830,1,1000.000000,-3.767,-3.633,1.352,-2.960,1.772,1.689
4.830,2,1000000000000.000000,-0.000,0.000,-0.000,-0.000,0.000,-0.000
4.830,3,1000.000000,2.500,-1.680,3.103,3.562,-6.067,4.215
4.840,1,1000.000000,-3.753,-3.662,1.370,-2.943,1.754,1.692
4.840,2,1000000000000.000000,-0.000,0.000,-0.000,-0.000,0.000,-0.000
4.840,3,1000.000000,2.531,-1.644,3.042,3.603,-6.107,4.102
4.850,1,1000.000000,-3.740,-3.692,1.387,-2.926,1.737,1.695
4.850,2,1000000000000.000000,-0.000,0.000,-0.000,-0.000,0.000,-0.000
4.850,3,1000.000000,2.562,-1.608,2.981,3.643,-6.144,3.990
4.860,1,1000.000000,-3.726,-3.721,1.404,-2.909,1.720,1.698
4.860,2,1000000000000.000000,-0.000,0.000,-0.000,-0.000,0.000,-0.000
4.860,3,1000.000000,2.592,-1.572,2.919,3.682,-6.180,3.879
4.870,1,1000.000000,-3.712,-3.750,1.421,-2.892,1.703,1.701
4.870,2,1000000000000.000000,-0.000,0.000,-0.000,-0.000,0.000,-0.000
4.870,3,1000.000000,2.621,-1.535,2.857,3.720,-6.213,3.768
4.880,1,1000.000000,-3.697,-3.779,1.438,-2.875,1.686,1.704
4.880,2,1000000000000.000000,-0.000,0.000,-0.000,-0.000,0.000,-0.000
4.880,3,1000.000000,2.649,-1.497,2.794,3.756,-6.244,3.657
4.890,1,1000.000000,-3.683,-3.808,1.455,-2.858,1.670,1.707
4.890,2,1000000000000.000000,-0.000,0.000,-0.000,-0.000,0.000,-0.000
4.890,3,1000.000000,2.677,-1.460,2.732,3.792,-6.274,3.546
4.900,1,1000.000000,-3.669,-3.836,1.471,-2.841,1.653,1.709
4.900,2,1000000000000.000000,-0.000,0.000,-0.000,-0.000,0.000,-0.000
4.900,3,1000.000000,2.705,-1.422,2.669,3.826,-6.302,3.436
4.910,1,1000.000000,-3.654,-3.865,1.488,-2.824,1.637,1.712
4.910,2,1000000000000.000000,-0.000,0.000,-0.000,-0.000,0.000,-0.000
4.910,3,1000.000000,2.731,-1.384,2.605,3.859,-6.327,3.327
4.920,1,1000.000000,-3.639,-3.893,1.504,-2.806,1.621,1.715
4.920,2,1000000000000.000000,-0.000,0.000,-0.000,-0.000,0.000,-0.000
4.920,3,1000.000000,2.757,-1.345,2.542,3.891,-6.351,3.218
4.930,1,1000.000000,-3.624,-3.921,1.520,-2.789,1.605,1.717
4.930,2,1000000000000.000000,-0.000,0.000,-0.000,-0.000,0.000,-0.000
4.930,3,1000.000000,2.783,-1.306,2.478,3.922,-6.373,3.109
4.940,1,1000.000000,-3.609,-3.949,1.536,-2.772,1.589,1.719
4.940,2,1000000000000.000000,-0.000,0.000,-0.000,-0.000,0.000,-0.000
4.940,3,1000.000000,2.807,-1.267,2.414,3.952,-6.394,3.001
4.950,1,1000.000000,-3.593,-3.977,1.551,-2.755,1.573,1.722
4.950,2,1000000000000.000000,-0.000,0.000,-0.000,-0.000,0.000,-0.000
4.950,3,1000.000000,2.832,-1.228,2.350,3.981,-6.412,2.894
4.960,1,1000.000000,-3.578,-4.004,1.567,-2.738,1.558,1.724
4.960,2,1000000000000.000000,-0.000,0.000,-0.000,-0.000,0.000,-0.000
4.960,3,1000.000000,2.855,-1.188,2.286,4.009,-6.429,2.787
4.970,1,1000.000000,-3.562,-4.032,1.582,-2.720,1.542,1.726
4.970,2,1000000000000.000000,-0.000,0.000,-0.000,-0.000,0.000,-0.000
4.970,3,1000.000000,2.878,-1.148,2.221,4.036,-6.444,2.681
4.980,1,1000.000000,-3.546,-4.059,1.598,-2.703,1.527,1.728
4.980,2,1000000000000.000000,-0.000,0.000,-0.000,-0.000,0.000,-0.000
4.980,3,1000.000000,2.900,-1.107,2.157,4.062,-6.458,2.575
4.990,1,1000.000000,-3.530,-4.086,1.613,-2.686,1.512,1.730
4.990,2,1000000000000.000000,-0.000,0.000,-0.000,-0.000,0.000,-0.000
4.990,3,1000.000000,2.922,-1.067,2.092,4.087,-6.470,2.470
5.000,1,1000.000000,-3.514,-4.113,1.628,-2.668,1.497,1.732
5.000,2,1000000000000.000000,-0.000,0.000,-0.000,-0.000,0.000,-0.000
5.000,3,1000.000000,2.943,-1.026,2.027,4.110,-6.481,2.366
